Relative Path	Game ID	No-Intro Title	Confidence	Link Method	Member Count	Game Title Value	Expected Current UAC BLAKE3	Expected Payload BLAKE3
Nintendo SNES/3 Ninjas Kick Back (US).uac	0004	3 Ninjas Kick Back	high	root-title-exact	17	"""3 Ninjas Kick Back"""	7045075d4cc8ea3f006758cc92d0c2596e81fa7c20d17e0034f180147425bd5a	6f40e3d775fbd13a29bdc7533eceb67b91fe4c892e3d8d934cc341c167526e07
Nintendo SNES/7th Saga 2 - Mystic Ark.uac	1718	mystic ark	high	curated-alias	53	"""Mystic Ark"""	838445dd3d7398b80282d9c12f1de8ba90557dbeec49f242a825264e702ae77d	39808bc439f8a766dba6c8754053a7d35297f71db733bc31f3aa82c6d45ab55a
Nintendo SNES/A Ressha de Ikou 3 Super Version.uac	0060	aiii s v a ressha de ikou 3 super version	high	curated-exact	16	"""A Ressha de Ikou 3"""	5d536f64d97bc850e539feb7ba5de4c6635b836a27a103334a3d313baed4e2d6	d809af3262e2351d2accbaffdbddf94bb9dfc60c474ed3a1d83482dfe5a68a51
Nintendo SNES/Action Pachio (JP).uac	0025	Action Pachio	high	root-title-exact	17	"""Action Pachio"""	674dcb4b8f23dd22ca51e07876dcbd6baa5460ecb2de6e9a219258d974e10402	2c5820c16a69fa95a34d471afcd1a2c96508a37d62d9041d04d717c14633dcb3
Nintendo SNES/Akazukin Cha Cha.uac	0067	akazukin chacha	high	token	26	"""Akazukin Cha Cha"""	63aba49ee4dd0fb20e7d8daf0632718da3c50616f5af4a9190889e7ff8b330f2	23c550a970f747551bb5f5531502ec87405331b21603ff856b4359400e28fbdf
Nintendo SNES/Alice's Paint Adventure.uac	0084	alice no paint adventure	high	curated-alias	43	"""Alice's Paint Adventure"""	ee058f7d869ed1e1181027a1f3ba27fb77e0d7f6dd508473020661b961a43fac	79cf17f1436f16e2520914eef84c545d119625bba225cc0f244ef15d2aeaf19d
Nintendo SNES/American Battle Dome (JP).uac	0095	American Battle Dome	high	root-title-exact	19	"""American Battle Dome"""	bef1a604cef7ba5725c3a0cc26bcadf04fbf6507ac5a0a0236514e181d598f3e	abde84f62f34d6ce9612ab57ee91b3c271e9ecfa24f41645f59217a13e2e8816
Nintendo SNES/archer maclean s super dropzone (EU).uac	2641	archer maclean s super dropzone	high	token	9	"""Archer MacLean's Dropzone"""	97a699e7e57419c72a50b54d30d922732d14623abadcac78b4f1d8070148760a	be8223d58881c16766a817084d3c3f201bd499875f7924aa1112d227e11d2c1b
Nintendo SNES/Asameshimae Nyanko (JP).uac	0139	Asameshimae Nyanko	high	root-title-exact	18	"""Nyanko"""	7538f8c6b2f4193e4b3de90bf650c8678a4b8eac9d7350bb223080c511df4b1f	3d6578fccaa53b6da9476a214b9f29a91e3923bb41c079d4c19bda77f4925b5d
Nintendo SNES/Ashita no Joe (JP).uac	0140	Ashita no Joe	high	root-title-exact	24	"""Ashita no Joe"""	47f203469f0836a10d05a4ad751b56ee9f1447595ed709cfdbd3ebe4b3717d9f	5c69a65cfbb8f95d922e930e2b929bf4f6a1ed53537598b21dd9b90d9a24d0aa
Nintendo SNES/Asterix & Obelix (EU).uac	0142	Asterix & Obelix	high	root-title-exact	32	"""Asterix & Obelix"""	09d5a9f9da81dd117a661c641ef071833f3601b4f32e8ded42b7fa5f33bee973	417a2b805e6094803854fdcdadc976474a9d6d0b82bce6674e99f6b10284457c
Nintendo SNES/Baby T-Rex (US).uac	2104	Baby T-Rex	high	root-title-exact	4	"""Baby T-Rex"""	6f7522a24ae76ab7b086366d1fd185b3ddf43dcbe896e930288598e3cbb1c1ef	b63f9460f6f4f17ca1ffd8c1a0de8186ac155bca56ced73af837c7827b5f7a2b
Nintendo SNES/bakutou dochers bumps jima wa oosawagi (JP).uac	0155	bakutou dochers bumps jima wa oosawagi	high	token	23	"""Bakutou Dodgers"""	2ee827ee789dac48443c5e19946d0d461f71b9f2e898efb59596ff6dcfa172a1	8e4e2a5efdd061db62bac19f2d6a57e5d7b1c0ef89a72aa1776ad90187bfa3f3
Nintendo SNES/Ball Bullet Gun (JP).uac	0156	Ball Bullet Gun	high	root-title-exact	21	"""Ball Bullet Gun"""	6c4295155e9eb55a58e4359553c23f443afc0054771437ad4486cb7d1d0a2c0f	b5f4d88525577dfa30a69c0400a141e8888e5fa6eae7ea609b08d16624f9fd19
Nintendo SNES/Barbie - Vacation Adventure (US).uac	0160	Barbie - Vacation Adventure	high	root-title-exact	10	"""Barbie Vacation Adventure"""	77e066bf04067133e358b81f6fd5de4f35266899e627858727454844bea1c803	808942dfb3233f2252daeb156bf5527464a02b6ca9d1d5ba263eb323d74c963c
Nintendo SNES/Batman - Revenge of the Joker.uac	0171	Batman - Revenge of the Joker	high	root-title-exact	16	"""Batman: Revenge of the Joker"""	c4c5bedd868b5c86828e2ffb6bf0ade9cbcd1ccdd39526b4528878b986570aaa	7418395c81ff988b83ddbe968d8ffe2de851924dfb8a2eaf5a9adb2c01805ff6
Nintendo SNES/Battle Soccer - Field no Hasha (JP).uac	0196	Battle Soccer - Field no Hasha	high	root-title-exact	17	"""Battle Soccer"""	43a2488f1e0f2883dd75c1fc7503be9d8ef86abc5ca49139b98afde11a7c09f0	9072b2df75013b66df4f2f9e553255cbddca5e8678096bba6cc4ecb8391fba9d
Nintendo SNES/Bazoe! Mahou Sekai (Ancient Magic).uac	0210	ancient magic bazoe mahou sekai	high	curated-exact	24	"""Bazoe! Mahou Sekai"""	6e495429799c85968d880a82f3584be2705a0b212bfddecb34c1b6c3c5475974	52353087fe0d289a259be8f100cb6caa88732992ee8fec62eda91b7315e3c5af
Nintendo SNES/Bazooka Blitzkrieg (US).uac	0211	Bazooka Blitzkrieg	high	root-title-exact	7	"""Bazooka Blitzkrieg"""	cd8f1e0882b58c41ee35f2d50d5975aafeb4320777559930352b37947054a6b2	f543f815eec025cd09b6da3fe61f4c071267700d8dd4742bc7a6a12ba7040587
Nintendo SNES/Bishin Densetsu Zoku (JP).uac	0240	Bishin Densetsu Zoku	high	root-title-exact	17	"""Bishin Densetsu Zoku"""	fbcb208145546caab5bf602e2a717b02e7bee1c7c34720c64fd777ee05704611	9370a2022a45997418dfa0b67144303188200095fdbdfeb94116ce5ecd4e9f38
Nintendo SNES/bishoujo senshi sailor moon (JP).uac	0243	bishoujo senshi sailor moon	high	curated-exact	91	"""Bishoujo Senshi Sailormoon"""	e87cdb947c098092e6d8d4c71b38d10362c74757f17666f94ddcb2f291238cf6	0611f6df33117dd59976b9df9ddf0b4d07c86dccc406d1f6f532adbe13f95e4a
Nintendo SNES/bishoujo senshi sailor moon r (JP).uac	0245	bishoujo senshi sailor moon r	high	curated-exact	115	"""Bishoujo Senshi Sailormoon R"""	3bad0c2c1f60cc113dc22b733279d542813fdb17129254dc37bec96c2d965e6d	8d65558e8c3f76acb9e3f77082d4511f76d2d7ac7874c3709da09fc2d788fdf5
Nintendo SNES/Blazeon.uac	0257	BlaZeon	high	root-title-exact	14	"""Blazeon"""	111d4fcae8e55d910ea70a407e6d77235b58c48c788de58edd5a04eda9c90def	9b1247f9ef1605815e64760ce14af80eeba37f2d318ee1ebc9b60da024ae1a63
Nintendo SNES/Block Kuzushi (JP).uac	0260	Block Kuzushi	high	root-title-exact	23	"""Block Kuzushi"""	75182c6e02a103b3ef4a9dba641ac031b5465846dd6610e60843910c6a46485d	3a53a4b3665fa8e19426b4fff0b915dbd2f31d661fa8a3b00d90cbc5f31ec76a
Nintendo SNES/Bobby's World (US).uac	0266	Bobby's World	high	root-title-exact	8	"""Bobby's World"""	0050821db0b4d7e08331c1e31a408c15765c35987cf9e4b6a7b723080ed82c38	4a240c6e639cd18dbb6293afc3d3ac2c02d8b42e4126a7410ade14f7f5938197
Nintendo SNES/Bomberman B-Daman (JP).uac	0269	Bomberman B-Daman	high	root-title-exact	25	"""Bomberman B-Daman"""	26273a5bab406f1f022c70b84be9c34c49cc4c958568371ea3879b3b6f3d7441	35e504fcc21e1d43dd2190bcb4c8b00b267567d6fb7cc068b6f571c50d24fc54
Nintendo SNES/Bonkers.uac	0271	Bonkers	high	root-title-exact	29	"""Bonkers"""	125f130c42862ebf3c6fca99fe10c778380358c371b19046a62b73ad3ed696f0	7e0d2aa482be27aaf2b37dafa83729461332adb4f13a51080b60503ccace3daf
Nintendo SNES/Brass Numbers.uac	2967	taiketsu brass numbers	high	curated-exact	18	"""Brass Numbers"""	54c0eb2d8d1f8f87e907d42ce43296147da4f5d7b47e416d19a6a14111093b83	dbf55e6ac4399cbd0457031d50e105bc59720c4e1490102bda77ee2cda05ade9
Nintendo SNES/Brett Hull Hockey '95.uac	0299	Brett Hull Hockey 95	high	root-title-exact	7	"""Brett Hull Hockey '95"""	94774217972f1ebfcb2dd015942e76f87ad7f050034369f09ee23593dbf8fcce	49a690bef1d463ef2bdaf673197fb735452e137b122ce876f8bd9c2012faf5f4
Nintendo SNES/burn in test cartridge (US).uac	3450	burn in test cartridge	high	curated-exact	43	"""SNES Burn-in Test Cart"""	5cd35c2bfcd3fe7e9fdcb588416772c3c2e47be5db18f218ba14b5d578c5f45c	d9d9c72e8f7d75b995db2c7e77fa9de6bcca1d72f219097574d88bc4996f5ba3
Nintendo SNES/Bushi Seiryuden.uac	0366	bushi seiryuuden futari no yuusha	high	token	96	"""Bushi Seiryuden"""	195a8c8c341f34b8226962b79cc9f7ec6080cdfb0619b4cb0abe210294138246	3a261d2f95980c36a6a5189a6f29979f6fcba5ddc5edc1f0064944a1bb26a38a
Nintendo SNES/Cacoma Knight.uac	0368	Cacoma Knight	high	root-title-exact	25	"""Cacoma Knight"""	b4891370711fb1f6b363c6851e823d3e775ca094391e60265635714ec9728e9e	553b7ef547fa958b07ec435fa57402c1cd513a90caf932407d978dd340c78b00
Nintendo SNES/Cannondale Cup (US).uac	0378	Cannondale Cup	high	root-title-exact	23	"""Cannondale Cup"""	431ea2d01d3f385b8d4d1d0097cbdb52692fa8fe65c472bcb494c38c273f9ed3	307bf95f10c8da9398864285687888236cf11d3a2524da5c8f6b5aa05a68ff15
Nintendo SNES/Capcom's MVP Football (US).uac	0379	Capcom's MVP Football	high	root-title-exact	12	"""Capcom's MVP Football"""	9a3a49c0fa82fc9c6f5734b2f536f9bc3721d7b8a98bd394eff512369b70edf9	6f406d96243163bae6c490dca0f056b224302e3bc001f3737f3157257d501d70
Nintendo SNES/Captain Tsubasa 4.uac	0389	captain tsubasa iv pro no rival tachi	high	curated-exact	49	"""Captain Tsubasa 4"""	94f90f8e68afc77323489479be2990d123c4bd7eaf8b2d8278e11d8e9834c3be	88b589f37dd59a87c53c6ee657c8d7daa4d7e20a59b23134726101ee60f81748
Nintendo SNES/Cardmaster (Arcana).uac	0393	card master rimusaria no fuuin	high	curated-alias	36	"""Cardmaster"""	2968b95b462f1fdf0cfe2f88640ae9f3a972431dfd1966e650d701de58a5e48a	4373d819c0d3bfc5a2b5eea0dafacb0a2f9a3ecb882ce94aaec778a102da7cc7
Nintendo SNES/choplifter iii (EU).uac	0424	choplifter iii	high	difflib-exact	9	"""Choplifter 3"""	c9d64c39b4d04bea81f9b4d02f16ab2267ad8cfe4e72c6894d2db5ee6595377a	10c4d9571747fbc035377de2e0da3193092ebdaae462f4523cdebeb276053c6e
Nintendo SNES/Clue (US).uac	0462	Clue	high	root-title-exact	18	"""Clue"""	d44a85547fe75d87f38227870579d05195aaa2f5e68f78dfb5972765121abc5d	54c65aadf9ed115a62d5119145fd269a8f3ada67ed72c7e5bb36a285a650f50a
Nintendo SNES/Controller Test Cartridge.uac	0477	controller test cassette	high	curated-exact	11	"""Controller Test Cartridge"""	e92e024d73a684cacaf6e1772a344e9b17188c20852f17586473e117e846a62e	ac1ced38c6a81d397882eaddcb8e637e465441ffb08037b690a5e3ed460730c1
Nintendo SNES/Cosmo Gang - The Puzzle (JP).uac	0487	Cosmo Gang - The Puzzle	high	root-title-exact	15	"""Cosmo Gang the Puzzle"""	dd7c062110a8c29b1610125577d554d3b0a366e66cd57432ddfb3e8e68909119	1a53ed7fc05fbd2f055adfe4ce50a0b18cdd841c198f8ea1499f3b96cd6a126f
Nintendo SNES/Cyber Knight.uac	0498	Cyber Knight	high	root-title-exact	29	"""Cyber Knight"""	ffece362fa8d19102f3122a81fb96e426e474e14cdf1def93bc86b5238adc0c5	e99e6dbf3d62c8c67d5c31a9155479a54ceb3b78c9fdc5a220cd4f5e43e51091
Nintendo SNES/Daisenryaku Expert WWII.uac	0524	daisenryaku expert wwii war in europe	high	curated-exact	17	"""Daisenryaku Expert WWII"""	54bd88aa3d275d8f5820c0996835cb495b649fe501e1874b38f0671661c50774	71b3803fd80a3673d549be32060bf0533bcc39f9c762ebdc2bb2126c296db80d
Nintendo SNES/Daisenryaku Expert.uac	0523	Daisenryaku Expert	high	root-title-exact	12	"""Daisenryaku Expert"""	6da64363f4a66fbc57819187502dd132bb795f67ec50c273d78e7795f7b07a4d	469b71684290488e250850cb56d7ef26c0959f2d9d2325f8cf3e553c7b2ff306
Nintendo SNES/Dark Law - Meaning of Death (JP).uac	0533	Dark Law - Meaning of Death	high	root-title-exact	21	"""Dark Law - Meaning of Death"""	31a1899ef5e2bd474e668ac0962ed3d5ec744198d40615767315586652458e1f	efa640ef7ecc31c755a6999bbd7432819954bba8ed5cf1dcf195446eb1106525
Nintendo SNES/Deae Tonosama Appare Ichiban (JP).uac	0540	Deae Tonosama Appare Ichiban	high	root-title-exact	37	"""Deae Tonosama Appare Ichiban"""	9c88f428888185e5490bd875ed1c4e0c051d5e7129ac67f2a037f8e3c11e9883	50a2c6d13caf9ecb7b26fa08fb65843dc6b3b46ec4ab9c28a5ad9d9a5a573298
Nintendo SNES/Demon of Laplace.uac	1422	laplace no ma	high	curated-alias	20	"""Demon of Laplace"""	6c58379fc5282d1898ce5d64950c2453078e2b955002b4c8249a7e9fb30c77b8	04aa07cba131bf07dcbdea976978b4ca7e19231cbcdc18aa01f2b45a42b48625
Nintendo SNES/Doom Troopers (US).uac	0615	Doom Troopers	high	root-title-exact	11	"""Doom Troopers"""	67665927b81a6c84dc209a9d037d89d6dc0f16bf661955b2810a100b212b44d6	0e395b627048ddc745f018befe8b953656408940689e56ba0953539503ba4ee6
Nintendo SNES/Dossun! Ganseki Battle (JP).uac	0621	Dossun! Ganseki Battle	high	root-title-exact	20	"""Dossun! Ganseki Battle"""	4a3565f6e4c61e697a96baffd0d9321c72d884ed45f40dfce58cde02ae43a915	04d4649405a6647a72dd062594e7a9b8be9aa0514a4d44b87bccd6ed6a4ba616
Nintendo SNES/Dragon Ball Z - Super Butouden 3.uac	0640	Dragon Ball Z - Super Butouden 3	high	root-title-exact	11	"""Dragon Ball Z: Super Butouden 3"""	08f34be6baf79369709ad04abf9a0e6725509610e49c333c08e3cdaad0faa4d4	95ce95e44918e440cd47c6f1ee0e0464d85239e2132b1e0aee335488f4cc5346
Nintendo SNES/Dragon's Earth (JP).uac	0656	Dragon's Earth	high	root-title-exact	17	"""Dragon's Earth"""	55b47fb8fc5503f5bfe46950f318d26907e5ba606f7b7d92e9ee528c75dc9843	5b49c076d2845ae85eeab26bec262ae4df7e4247d6cd858dcd1055df2381e883
Nintendo SNES/Dual Orb 2.uac	0673	dual orb ii	high	difflib-exact	35	"""Dual Orb 2"""	35209de902976b82af944f6f28b9096dbe82338541d76cb43e30cb2d3256528f	ba62860b78af453b9a2804792b47ddf8dba201e896af607aea9fdea0626771e5
Nintendo SNES/Dynamaite - The LasVegas.uac	0681	dynamaite the las vegas	high	token	17	"""Dynamaite: The Las Vegas"""	697b50e8fc6017509cb77ff749d6e7a031507387a67eac9f8bb93f13d45dd525	7dcbce02850d8d7039af92c6b9e1ffe42b52ec4455db342a504d400e88ce5fd7
Nintendo SNES/Earth Light.uac	0687	Earth Light	high	root-title-exact	45	"""Earth Light"""	b7dd64a33857d1c4eb8856b784608ac93fd2124df12975c79c9dcf431b61ee8e	4c038b2bf8a948dff48fbc1fd189ca4ff3735eaca739f94c9851b492ad903d88
Nintendo SNES/Edo no Kiba.uac	0697	edono kiba	high	token	13	"""Edo no Kiba"""	a6a53fa8a831c3f63163e1a8a1850a74ff7d025b469724cbcd05db39b76ce35b	df80f9574665e1f619fe9d76142f049263604705c4f9af5fd78ac936deef1e8f
Nintendo SNES/Eien no Filena.uac	0700	eien no filerna	high	token	36	"""Eien no Filena"""	f4438563192c8a71df35f23172d1779913380e0efe7532320e3784d4d6d26bbe	9bc35b1f7183e7717d4441559a73c150e9dcc49ed3c81bba45f60bc029821aeb
Nintendo SNES/Emerald Dragon (JP).uac	0705	Emerald Dragon	high	root-title-exact	58	"""Emerald Dragon"""	24f6b09d323353a92b3379b086bd272e97d5a5e69be19331e86e2ccacdce5491	3ac74e8e2f25373d42dcc55a88eef9943756e65940823285492022595df5a65e
Nintendo SNES/Emmitt Smith Football (US).uac	0709	Emmitt Smith Football	high	root-title-exact	8	"""Emmitt Smith Football"""	498f26c5fba8602a1b64575aec5252050393c8585191bdd7a3c2dd3a4711962d	680ed24d857e2b3509e6ac0b5b66bcdd7ff619e0259e0640a54ac3c59b73aa30
Nintendo SNES/Esparks - Ijikuu kara no Raihousha (JP).uac	0715	Esparks - Ijikuu kara no Raihousha	high	root-title-exact	27	"""Esparks: Ijikuu kara no Raihoush"""	2e152e51710f0416924e314e508a7937698be973313848fc6640e5759f0de12a	89d275aa3c46baca380aeeca56cee8573afda28f00b676b5e4acf10ba543459e
Nintendo SNES/Eurit.uac	0725	Eurit	high	root-title-exact	11	"""Eurit"""	479241a30ef5361c758ec56c7df990b3d244cf5cc6b0263f30bdb96383c00efe	5f8eef0b335a171f9c8e0b52027e4085b5734c0fd3debe79b63ccb24db3e6e7e
Nintendo SNES/F-1 Grand Prix (JP).uac	0742	F-1 Grand Prix	high	root-title-exact	18	"""F-1 Grand Prix"""	ce5c1596ad55b9977b98ad941adbe50a748ea83c0824a90e684615ae280122b0	4ccb6989cd5dcdd380034b6f8d7eb885706360a1bd74946d89a9ab2906af0f5e
Nintendo SNES/F-1 Grand Prix - Part II (JP).uac	0743	F-1 Grand Prix - Part II	high	root-title-exact	14	"""F-1 Grand Prix Part II"""	04e59cfc430ca90f120c9399137cada23df6d29b6875527a44f1b56534094dfb	09ba16a8cf2d6a22a42ccb5fcd950e260675802604b0de721db3d3c2c34f8e00
Nintendo SNES/F-1 Grand Prix - Part III (JP).uac	0744	F-1 Grand Prix - Part III	high	root-title-exact	15	"""F-1 Grand Prix Part III"""	424eff87cf04c9328a02dd4598bb97d9d13d77de85f18713951533cd1db62216	ff67285981c21c1785d7e594c9e48e5bdcbe6e98e45f0a044f8ed7f7f173858d
Nintendo SNES/Faceball 2000 (US).uac	0757	Faceball 2000	high	root-title-exact	12	"""Faceball 2000"""	e41973cc181b340380d38429e77f6f04e6ecac3ec622bf38f16caa71d8b8910a	7c16b00e185244b8e38fa262cc7d9589f6d5ae0b7cd052ea388bcc44ad856d60
Nintendo SNES/Farland Story 2 (JP).uac	0766	Farland Story 2	high	root-title-exact	23	"""Farland Story 2"""	5a86f46d571ba3420c47bc6800329956be3474f7f1fc86a49947a3bf030435d7	589bcd066ef181bac41b0b24c00548e8c269f29244b7481cf16f6c550873bd9f
Nintendo SNES/Farland Story.uac	0765	Farland Story	high	root-title-exact	19	"""Farland Story"""	8d66c4476782e8b5f3fb590fc02235cb3531b520eac4e49fe4070708cab6ca7b	2477b1be4b1615d4f8673a506a635aa760c11b0daacca5d615b0f2f8f25dc58a
Nintendo SNES/Final Fantasy 6.uac	0803	final fantasy vi	high	difflib-exact	83	"""Final Fantasy 6"""	b9caf5fc09ee569bca958788c3ce3ee21d1f96178244ac8fa0c271b36c7a94ba	a2ba07bc7c4fb3bd86ec51ddee42c606126653a6f07872e01d2dcedc52e2e715
Nintendo SNES/Final Fantasy V.uac	0802	Final Fantasy V	high	root-title-exact	68	"""Final Fantasy 5"""	4c7dbb241de4ab30e7d05029996b7bf504a312958353f6a5cc498814c0a53178	db1b2f9a7414dba34c03251f80589bc727543f371dfa39fe22fa67d52f1c1539
Nintendo SNES/Final Stretch (JP).uac	0817	Final Stretch	high	root-title-exact	10	"""Final Stretch"""	fff5a1666841b03791a2a18505ac2f5baae2517e899310f77039c53973a47b48	64a40b5014cbc47d066b10deba3247856f1a84f462780986b16a5465c9cf34d1
Nintendo SNES/Football Fury (US).uac	0853	Football Fury	high	root-title-exact	18	"""Football Fury"""	c509f59cad167cde49efffa779a9badff59c9490ac4174fcb486da81324eb0b1	8bad8e8133f11b3698a405c6cd8b7f5e315a62e534757b8209bba0bcafedefbd
Nintendo SNES/Future GPX - Cyber Formula.uac	2325	shinseiki gpx cyber formula	high	curated-exact	34	"""Future GPX: Cyber Formula"""	826598311cb937573235891928f80c0bc5d3a98ffe2d2ffad1ade3093e3e2c24	34a51c55b359b09beebd22b6d8a44135eaf5cb1d3be5a056e704b25b378fc951
Nintendo SNES/Galaxy Wars (JP).uac	0894	Galaxy Wars	high	root-title-exact	5	"""Galaxy Wars"""	b74f9fe51bd867555abc1ad4f4f2507152c34a2d19cf23ea45d69716863555b3	96d7b0b2f3bc3eeaca158d6321e55af2c7cc1a5c73473ac63ce6427fcbea158a
Nintendo SNES/Gamars Copier.uac	4369	gamars puzzle	high	token	5	"""Gamars Copier"""	9985ced6b8a08a00bf5dcf109eba1aa8f931625c2ac61d03c41b78a7daaa874a	ca5336a6ebdb7d5f05515edde25d3506b0ffed0d879a5beb368e47f4bae6ebe6
Nintendo SNES/Gamble Hourouki.uac	0897	gambling hourouki	high	curated-exact	17	"""Gamble Hourouki"""	f39ad4afe182bd16e7c095cf18f0a52a116bbd53f35d26cee21b4aa759e4ac0c	7094bc0406d31db26f43c0b53942b8bd26fc538a1e64de709d09924903670554
Nintendo SNES/Gangan Gan-chan (JP).uac	0915	Gangan Gan-chan	high	exact_root_match	9	"""Gan Gan Ganchan"""	978df81a445b3945add1b81004c21d354fa751445c08e15f4f4b332c3aeabdf4	511c6a377e7da119084f019dbd922b3d5dcd362066d20afb02b04c811b4b00ac
Nintendo SNES/Gekitotsu Dangan Jidousha Kessen - Battle Mobile (JP).uac	0929	Gekitotsu Dangan Jidousha Kessen - Battle Mobile	high	root-title-exact	10	"""Battle Mobile"""	bc93223c9a058dc14b95bd5576d017e681ed827c3fb08d225f96dfec27959f4c	3534e72f94fc75c7657d4d22ccee403f207a4f86607d1dec23a5e17159ce3a9b
Nintendo SNES/genghis khan ii clan of the gray wolf (US).uac	0933	genghis khan ii clan of the gray wolf	high	token	11	"""Wolf Child"""	e57e6ecd54843e219bbeab6858b9fe3091d48e7531bb62801e07137fb36fc735	021dd69ba263fc98e7f0fe8c60b4bc9cf0149fe468f78f91cd53f6d72dd8bb26
Nintendo SNES/Go Go Ackman 2.uac	0952	Go Go Ackman 2	high	root-title-exact	25	"""Go Go Ackman 2"""	f5a1efeee56d71f40f0eecdddcc54f8c8ac83356eca0eb17f1e55a46545b7c74	4268546ff17a33b1358c86dbc0c81b84423e8dfe70ee833fe1801d7cc11039a2
Nintendo SNES/Go Go Ackman 3.uac	0953	Go Go Ackman 3	high	root-title-exact	30	"""Go Go Ackman 3"""	05d53d97518782516a7e2f4bdf86d8936e80d607c00739abb6da578a9ed4f93f	7b6d1bac567e756505d3bb8e6bb82b22bd99adb95858bb352c83fd11ee56d27e
Nintendo SNES/Go Go Ackman.uac	0951	Go Go Ackman	high	root-title-exact	28	"""Go Go Ackman"""	303aac325cd31711255013ded24ffcf355a859c83fe6cd0e92e1e59a7c841cbd	e56209e7084422becdb403b74ee167db7f5f3a31e7e1e5ed1e7440a2981128bc
Nintendo SNES/gourmet sentai barayarou (JP).uac	0974	gourmet sentai barayarou	high	token	10	"""BS Sousa Sentai Wappers"""	6afb9dfa9d1597fb01e080cae1f01369881309a5f9b5ea745ece47a5294c41ad	1084a7081ae4df4e73adb9a9de1156f479f96c0890574ffdd4537d1c048a4722
Nintendo SNES/GP-1 Part II.uac	0979	GP-1 - Part II	high	root-title-exact	18	"""GP-1 Part II"""	90f1288c9ccdbf02ba2105fa6921980f4eb883131aa546d97018e2c0b042bf7c	259fff7cc75b7cce8571034bc3a42eff82a99309396272f0311a5b28869eefd6
Nintendo SNES/GT Racing (JP).uac	0994	GT Racing	high	root-title-exact	20	"""GT Racing"""	fd777cfe5c2d6d6648e52307c9603cbb8436038e1fc6f32f0520f848f98390ae	8a66acc2f167b98252f27e2278440c00cc6ac0e3b4aeea09dc3547a56ea39ced
Nintendo SNES/Gundam F-91.uac	1332	kidou senshi gundam f91 formula senki 0122	high	curated-alias	22	"""Gundam F-91"""	b7385339864e50219aecd36515e16897b6e9396f724b46d3ab5f6aa8e50f62d3	050549311c30e05f80651582ebee11c5be79ab7c82b73c58daf32a9bde4401b2
Nintendo SNES/Gundam Wing - Endless Duel.uac	2307	shin kidou senki gundam w endless duel	high	curated-exact	16	"""Gundam Wing: Endless Duel"""	bbfc67acbcd4a043c62e8231bdf971bed174259ac0c5e61bdebef48b4469f7b9	af023c4ecffa76e3757e6478ba44350c8fe90e54849f5bd776892241efef9e60
Nintendo SNES/Hardball 3.uac	1020	hardball iii	high	token	16	"""Hardball 3"""	eacfefaac4c46aa52f7302662a55ad50b7380523730f896aab21d0b871d4d895	bc959916ae594f4bb0db0e6472d7db0885d07848fe03cb07a783f29ec18b0e4b
Nintendo SNES/Hashire Hebereke (JP).uac	1027	Hashire Hebereke	high	root-title-exact	29	"""Hashire Hebereke"""	908de6ac992946cef16dc6a092ede76fb8715d04e7d574485ff4d91b529b3db5	51b1fd0488741fba34341e85107e12147db038947534078f2be00ec589d59f37
Nintendo SNES/Hat Trick Hero 2.uac	1029	Hat Trick Hero 2	high	root-title-exact	13	"""Hat Trick Hero 2"""	018fccba2b2076eb4a9ca79518c6a0189d91f02700f32e967eeb674daebdfc56	9bbae8aa95d1376f2bea6e879ac9d5ebd7eb46a11df6cd36b7246c46cc54f590
Nintendo SNES/Heian Huunden.uac	1038	heian fuuunden	high	token	25	"""Heian Huunden"""	e8f006cdf59daceeb2260f2aec77fb1b4a20bced0a234a23fc84e8034e5b1264	267b77c637993cb83e559f5244ae85665593f7e30c0317a7d705986dd7b93b4a
Nintendo SNES/Hisshou 777 Fighter II.uac	1062	hisshou 777 fighter ii pachi slot maruhi jouhou	high	curated-exact	45	"""Hisshou 777 Fighter II"""	b69ecfc53f8380965d60eb77484b0234449f1eb417f314bb5d749ed4e8bcac62	e3c5fe7aa4fe8dd7d1da9b082863ddbc4451f38df1fdec674ea2ae4ec668d075
Nintendo SNES/Honkaku Mahjong - Tetsuman (JP).uac	1077	Honkaku Mahjong - Tetsuman	high	root-title-exact	11	"""Honkaku Mahjong Tetsuman"""	3ffe874f38a0d8740b82ced72b98d3692a48ca3e57ed5ebb67a266b832793892	ad9ba50f8576be4ba8c3c5fa75df5338be34615f913619085cec80c5c32dd78e
Nintendo SNES/Honkaku Shougi - Fuuunji Ryuuou (JP).uac	1079	Honkaku Shougi - Fuuunji Ryuuou	high	root-title-exact	18	"""Honkaku Shougi Fuuunji Ryuuou"""	9ac3ecec7dbc6a6cd639c2bb9044a22bde457616e4b3583e3da27422839a619b	4f32a6de5499db7d8c46cf654a5200cc4f35ef1a4a1156b8ad600d13574b4ad2
Nintendo SNES/Human Grand Prix 2.uac	3511	Human Grand Prix 2	high	root-title-exact	10	"""Human Grand Prix 2"""	e8703358f2ec48407030e61792e26d23e7507b2a5729f3106cc1a7f9126e2cf4	207924ef89935f9957e91528bd5297b175e5bbcf0427d44c495a5d7ce14a3d24
Nintendo SNES/Human Grand Prix.uac	1096	Human Grand Prix	high	root-title-exact	28	"""Human Grand Prix"""	38547c9bb3f5fb39239c9fdf100458103fee720cdc6e991a8955abdb93cafa26	623ab3d4a2f4202146c8760c02cfd9ee1c01de47eada074612a98319e39518df
Nintendo SNES/Inspector Gadget (US).uac	1144	Inspector Gadget	high	root-title-exact	18	"""Inspector Gadget"""	7b9bfbecf24ca1d2cca3c7aadb28d71e4dd568d2ff213cd792aa81b096c9187a	3c917e7836606e240d52ffa2079befcd1648efcd2f27a44dbd5a114ca1bb95b8
Nintendo SNES/J-League Soccer Prime Goal 3.uac	1178	J.League Soccer - Prime Goal 3	high	root-title-exact	27	"""J-League Soccer Prime Goal 3"""	095f3043d19ad30e0da51c8003bfbdbf1c2b909b3431eb83f24dc886dcadec55	19724ee8fc08a06455d6195d0158f6298f834d49dd75c8a926da930f7c7c3a81
Nintendo SNES/J-League Super Soccer '95.uac	1180	j league super soccer	high	difflib-exact	11	"""J-League Super Soccer '95"""	421ed35da910e0496c7df24c756d4fb6881af0a035ed178acc518c8ea86fb615	cf5918e32f9b076af73a8df97c4264508bef79a836c6b737227281828e6b94ca
Nintendo SNES/J.League Soccer - Prime Goal 2 (JP).uac	1177	J.League Soccer - Prime Goal 2	high	root-title-exact	23	"""J-League Soccer Prime Goal 2"""	5d46fd38410cc64e20e3b21a3bf7f8afd5a4b67ed79181c54742c5fefe6c10c6	d09346a50e605dd443d3d87df1c3d155ba00d8f5f3ee750cce09d0643ce91197
Nintendo SNES/Jammit.uac	1194	street sports jammit	high	token	13	"""Jammit"""	8f7737463e2eeeaa4367a0d994be6a3fde6a64f4750c6b9ee5a88fe7820cda7b	72fd884b4e9dd69da878127ac15ecad70be1b970e5482084b1108e789908cc78
Nintendo SNES/Jelly Boy 2.uac	1198	Jelly Boy 2	high	root-title-exact	28	"""Jelly Boy 2"""	550d390abb892fb2909d1979ac75339fdfeef3d1e565e849dec82fa03f448090	a0665af273e355cd9cc3a4d63b634c895dfb08cb7d25d6ffc01216f1e0c9dc7e
Nintendo SNES/Jeopardy! (US).uac	1199	Jeopardy!	high	root-title-exact	17	"""Jeopardy!"""	396f8a48364f941b2857ed6b2453d56c64ccfd31baa587b0784b982b80b69c0f	14eea21032e8d64da398e16b83b2a349a11de108d7b96cea0fb4e213df8c4f70
Nintendo SNES/Jikkyou Oshaberi Parodius (JP).uac	1205	Jikkyou Oshaberi Parodius	high	root-title-exact	48	"""Jikkyou Oshaberi Parodius"""	9cf008ad0413889761f8716024c3018722d8fa28b0b5e8058112f303f2db671b	1c3004c13f90ae4c01c41b63fe25ceeeed9bd308133c4ae23a73730523c2d985
Nintendo SNES/Jikkyou Powerful Pro Yakyuu '94 (JP).uac	1207	Jikkyou Powerful Pro Yakyuu '94	high	root-title-exact	18	"""Jikkyou Powerful Pro Yakyuu '94"""	3af747a7ede74f1c1a5e2af2443e269b34cf9eaf4de738297c3c7ed67a45e69d	a035bb4facf2be18ce491ac431e4bd33ee2e2572cf077a7d6f43a3c8444fcb66
Nintendo SNES/Joe and Mac.uac	1239	joe mac	high	curated-exact	21	"""Joe and Mac"""	847507d4fac5684b860c2a51497b37168e1532ec8a6ed642439d2aae2efd81d5	80c63309a6985c6ea3b6ffcfd3bfd4c65d40b0c93a485f7500f41e1e9f8c5d7a
Nintendo SNES/John Madden Football (US).uac	1250	John Madden Football	high	root-title-exact	15	"""John Madden Football"""	2cfd6c91776a678d2af8f5e88e7cd053aec5125f3a85ece78dee3907aba895f9	89fb3abdfbb8032904442157b7f85951e4ac84f96420eb887d5ab549a908ffb5
Nintendo SNES/JoJo no Kimyou na Bouken (JP).uac	1251	JoJo no Kimyou na Bouken	high	root-title-exact	20	"""Jojo no Kimyou na Bouken"""	b3829189967ee1b27b11e75d1d029391b016afde0cb80924e339d5cb71e72954	7993aee2614c9b2b52e086e8064375a5dc05d21e871c6d4a62adee1306dacb0e
Nintendo SNES/Kaite Tukutte Asoberu Dezaemon.uac	1298	dezaemon	high	token	41	"""Kaite Tukutte Asoberu Dezaemon"""	8c20eb46187769271f671b31313fe655b69e40b04655375fcd88ece809104983	e2a2e1ad831afe8564131d6f59f57433485642bcd3a6d155f96ab975e55d4f06
Nintendo SNES/Kaizou Tyoujin Shubibinman Zero.uac	3774	kaizou choujin shubibinman zero	high	curated-exact	22	"""Kaizou Tyoujin Shubibinman Zero"""	ebff38ebe8e5bb50eb04d664217381cb25ca9892e15593bfecb912973f8997c1	8ecdd1308c44a5280258e2f405038b51bec7b996e0ada03b8e1c9a8870a26fdd
Nintendo SNES/Kamen Rider SD - Shutsugeki!! Rider Machine.uac	1303	Kamen Rider SD - Shutsugeki!! Rider Machine	high	root-title-exact	19	"""Kamen Rider SD"""	511e9628a4de0830bdde20478a66667751fbd9a78fb72b79c3df5ca21cc660c8	b458ff713ab6a9dfbbb8a643080a221c7ddbd524bf62e85b5b285e59f302142c
Nintendo SNES/Katou Hifumi Kudan - Shougi Club (JP).uac	1307	Katou Hifumi Kudan - Shougi Club	high	root-title-exact	7	"""Katou Hifumi Kudan Shougi Club"""	11ebfb7f31d43ca412f07ba1a77186ca5adf287b95ccb44d8a3692804f7d8231	39d54d6a7b939778cf33540029716f0ef288787c53227ae2745905f3302ad806
Nintendo SNES/Kawa no Nushi Tsuri 2 (JP).uac	1308	Kawa no Nushi Tsuri 2	high	root-title-exact	21	"""Kawa no Nushi Tsuri 2"""	2cb1c5a9fbca6fe8d5ec621e00b911b6a59c003006745bfcdbbf0c112af70f53	14c9db3d2248855aaf037594024ae5b87affeef889f7f9ce253304bb466e2b81
Nintendo SNES/Keeper (JP).uac	1312	Keeper	high	root-title-exact	20	"""Keeper"""	440cbf9bf9f5599893bf09ba630ec082610e6e53abf20dcb84d4ff304ffed60d	0997496c6f6322b7bd1e2071b29671aad276dbdfc531fe8a502c78e74e3a4bf9
Nintendo SNES/Keiba Eight Special 2.uac	1315	Keiba Eight Special 2	high	root-title-exact	25	"""Keiba Eight Special 2"""	3d3f1edd6574fea377f2e7eb6ccf58c7692a9e05c564b8837be28229b6d7655d	03fcf58045c6cd4fcf115bc75cb517d0a040250df109ce900bec43d7928f65df
Nintendo SNES/Keiba Yosou - Baken Renkinjutsu.uac	1295	kachiuma yosou soft baken renkinjutsu	high	curated-exact	5	"""Keiba Yosou: Baken Renkinjutsu"""	26047078c3d4f5264ba08d388a75c9053babf29a5eb45ff5c860eea698c00de8	8fe175ad0ec82c11364c1d0128f7697834399f74f188877decaeb690e55af0eb
Nintendo SNES/Kerokero Keroppi no Bouken Nikki.uac	1321	kero kero keroppi no bouken nikki nemureru mori no keroleen	high	curated-exact	18	"""Kerokero Keroppi no Bouken Nikki"""	8537550e450edaba3a2794653ca99b2f4767193772b85f1729c789a421ff3ea2	0033e3734541f75fb87ed671473d759b0eadefdf7b295ca51bd7ff8ba652ec51
Nintendo SNES/Kiki Kaikai (Pocky & Rocky).uac	1337	kiki kaikai nazo no kuro manteau	high	curated-alias	25	"""Kiki Kaikai"""	b152edad1b451f5fa14be0ddedbf93e58d5afdf67bc1c2db3e2951ce059002a8	526a6d2239542de9b46efe5acf4acd67cabba4cbb31ee2df3f2db5b677c2c8e3
Nintendo SNES/kiki kaikai tsukiyo soushi (JP).uac	1338	kiki kaikai tsukiyo soushi	high	curated-alias	38	"""Kiki Kaikai 3"""	f6c93adb6b46200270e5c5e54d5819379dd5539bd09372df6df077c0fe2a758b	a145f9d85fe1139e927b564ef1aa692929924dc17d4c3269c14220084faf20e3
Nintendo SNES/King of Dragons, The.uac	1352	king of dragons the	high	exact	25	"""The King of Dragons"""	dcf2b8d2a02fa6843bdfff89accece1f8146c8f8e091ced67cabfee925e2f09b	0b4fa88e23a364810f3aa21a1d268098c950a66e2c3e71b0792af77b646a041a
Nintendo SNES/Kirby's Kira Kira Kids.uac	1363	kirby no kirakira kids	high	curated-exact	48	"""Kirby's Kira Kira Kids"""	753fcb7a5aae9a7c0b5377a9ea80dd89ca3f5b92ab9796a8b036d44a66aa15f0	d18d015b9be11ef928c1f230342fbdadd7d09615b69b13001cfaf70d4c09759a
Nintendo SNES/Kouryu no Mimi.uac	1392	kouryuu no mimi	high	token	23	"""Kouryu no Mimi"""	9260d5b321abd0b01b2362717168ddcf16ce63d5c6183279b917ed6c1145ef0f	ead8cf4f04c0029eaf24a4c8e7bd2cd175e853f41d5170f74ff670d544cd0a6c
Nintendo SNES/Koushien 2 (JP).uac	1394	Koushien 2	high	root-title-exact	20	"""Koushien 2"""	b8d5dfbc5f6afa7f93300afdfb971e816f392023ed9fabb97d3aa1ab41e974c5	a267d13b78d85bdc91cf2c13eb69ab06acf3c30a5b9def329b7af3431bfccffe
Nintendo SNES/Koushien 3 (JP).uac	1395	Koushien 3	high	root-title-exact	31	"""Koushien 3"""	4f5664e9d7a41a2af6b4bae3c33b78ae7d974b99672f014b1a92d02f4fc187da	883216b895b33a31d3a69e43542eb611c418b3d801464da47d6daeb0304f805e
Nintendo SNES/Kunio-Kun no Dodgeball.uac	1407	kunio kun no dodge ball da yo zenin shuugou	high	curated-exact	24	"""Kunio-Kun no Dodge Ball"""	64a713b733a3a95bf251a51e65edbb858a36d4973dcd31088bc10eeb628e4520	d1dabb46399d1f94e011601a252960e63b7b3a7cf306ad513cf264907f6381c5
Nintendo SNES/Kyle Petty's No Fear Racing (US).uac	1410	Kyle Petty's No Fear Racing	high	root-title-exact	18	"""Kyle Petty's No Fear Racing"""	95c3cba91fd0bca10e3c2cf5123071703ce91c7971ba0e2f3b22c03095847318	1b1b517e8867034b6f559a3d966dc9fbc9f41cb2de43fcaed1bcd54d62a096f5
Nintendo SNES/Last Bible 3.uac	1429	last bible iii	high	difflib-exact	63	"""Last Bible 3"""	3df7b5b352f9fbfe4c65adc47c59bdb23c42a9d65d7a367a6b57deab7b26ca3b	53d6fe6aed9288f03aa5666ce591de32575f3d261c614ecd6fa197af3da3d0c1
Nintendo SNES/Last Fighter Twin.uac	0985	great battle ii the last fighter twin	high	curated-alias	24	"""Last Fighter Twin"""	79696738e532f76f2e4783c73bcce1ca392e7232a82a7b0509052e2b79eeba9d	d37f63da642a8d4774385231fe3eb46d385d0fca4a8726d5447ffe05a4152110
Nintendo SNES/Light Fantasy.uac	1468	Light Fantasy	high	root-title-exact	30	"""Light Fantasy"""	a163ff1f27e7c334777f91ed5ceaee62f73f1753a828f1aa77b09b018dd6d234	584f9167e7bacd719c5592854903bcd39293dda6a34b43a5f659db60bd37b7c4
Nintendo SNES/Looney Tunes Basketball (EU).uac	1483	Looney Tunes Basketball	high	root-title-exact	14	"""Looney Tunes Basketball"""	1445ace4655adbc7bf72b653f1aa66991a2c89384cfba659380a323f0a7df923	d4daec91455e1c435b20034b83a5030ad3980a36e0aca3faa8730586e6dc7a88
Nintendo SNES/Lupin the 3rd.uac	1503	lupin sansei densetsu no hihou o oe	high	token	27	"""Lupin the 3rd"""	62c996f3ebd7283a9c98347a5f3ca882e7d726585af0b01653dbc8d85ec38375	e7d9a13a73027a43c20e0286faf72c5743a2b2506823fe5969b6d0a2bc2c5836
Nintendo SNES/M.A.C.S. Basic Rifle Simulator.uac	1504	macs basic rifle marksmanship	high	curated-exact	2	"""M.A.C.S. Basic Rifle Simulator"""	65e161b6603ec4e6b867bad77537e0b247015673a82f4e8327d34de340f2d310	ef3fb3a18e7aa65e161e037da9cbda02a2ed20598a32aabfde81217beff8a3d0
Nintendo SNES/Madden NFL 97 (US).uac	1511	Madden NFL 97	high	root-title-exact	10	"""Madden NFL '97"""	de8a96b8414278b0750777411cf59433b77385bbc505b44be2fd1bce706f2556	4a53de32dbc0aae0a434f811616d5e4429c85b97449cdaecf38a1f40bbe2c6c5
Nintendo SNES/Madden NFL 98 (US).uac	1512	Madden NFL 98	high	root-title-exact	10	"""Madden NFL '98"""	73d1b62010d4f6f815d42c81712dc3e30dae1dbe3825a13eb4d0fbce399bee36	a77fd7f62c8ba1a5f814c2d523fe9aa3af7a57a9de388a9f87844a8a2d79df65
Nintendo SNES/Magical Drop.uac	1522	Magical Drop	high	root-title-exact	13	"""Magical Drop"""	424ff91112c9106e82677223d6a595be869f224377e596d9bf44f63244562ef3	3469126ddc79f8a8817a674350f79b85d8a8ed9005415b337801f05b06824a0c
Nintendo SNES/Magical Taruruto Kun.uac	1532	magical taruruuto kun magic adventure	high	curated-exact	20	"""Magical Taruruto Kun"""	fe11466f1aeaec6c673afeb22909bffa49b5e1179115e26ca4e4ba94262936ba	0e92569b2e524ebf8fea6ec25c584d135ca1fbf2d458215c19a218d484076ca1
Nintendo SNES/Mahjong Club (JP).uac	1534	Mahjong Club	high	root-title-exact	3	"""Mahjong Club"""	bb90f0cbab881948c9469b979615c9d4a66adb3956dffc1dd4c55ce916d2aef4	da70b830ef3556be91d09f9aaf8443e8e6abd0a9d4d17ed84cafc4cc1eb7414c
Nintendo SNES/Mahou Kishi Reiasu (Magic Knight Rayearth).uac	1518	magic knight rayearth	high	curated-alias	39	"""Mahou Kishi Reiasu"""	253f96a67ec19fcd2aa9334f1617d12b635e0efaaa727e2fc276f0c1692ad21b	d1966554fa20122fcc488d357ce0de00531ef6080a313243fafc3a99d8247c35
Nintendo SNES/Majyuuou.uac	1548	majuu ou	high	curated-exact	16	"""Majyuuou"""	3c2f7bb0d666d480d22f5e0885aaf40eaf37e7e58d20b58c69c5c10ddbf45a9e	1d012ddcff1275426aa83a61e8117eacc8c67b01ec3131eb976f6fb24729156d
Nintendo SNES/Makeruna Makendou (Kendo Rage).uac	1550	Makeruna! Makendou	high	root-title-exact	26	"""Makeruna Makendo"""	835e4f7a582962c5f6a419e4b84602b44a0b87b04e20182c5604dc2f51b8d686	38ac73fc0d949b8af3bfe2015765b5d919a91c137a2582cb9360c5835e3ab4bf
Nintendo SNES/Makeruna Makendou 2.uac	1550	makeruna makendou	high	difflib-exact	23	"""Makeruna Makendo 2"""	75744abfe48c216b18493679dcc87118b43773cab24b3d87d863816aed220088	c2082021501d5b525648047f08709863bc9344eee9cd3dffa52b00d8845ba05e
Nintendo SNES/Mario & Wario.uac	1563	mario to wario	high	curated-alias	27	"""Mario & Wario"""	b3c3c71d8f28b2f1a528234bbab58f1800f13faec901d8b35d7a988847a2c3eb	6b398812890e4613de83087bef0a610e046a01dd52d79273e405f5b6c3e81aa6
Nintendo SNES/Masaki Shimono no Fishing To Bassing.uac	2305	shimono masaki no fishing to bassing	high	curated-exact	17	"""Fighing To Basshing"""	fb1e145dba52253e70d270c845f2889cd1b5fe83d8248912174466e13c657364	1177027b59da5421d2e4f077e26d4cae1f827446280bc50976ae96ff02480583
Nintendo SNES/math blaster episode 1 (US).uac	1588	math blaster episode 1	high	token	9	"""Math Blaster: Episode One"""	f60cb327d985594412b27500d31deb1c05f14028a6a96fedec91f036da57c26f	74ab7da46ec02925fca5cf907987e24f8f2fe40b8bd5a348cdecb7fbacc164b5
Nintendo SNES/Metal Morph (US).uac	1622	Metal Morph	high	root-title-exact	20	"""Metal Morph"""	1cd81ff4420d029395ff1f0511479fc3919edd953db8c0da80640ff9ab3716e1	23ea647ba146243126825fbf8c43164e49c4cfaaa5e02115e7dc41d1352c9a14
Nintendo SNES/Metal Slader Glory - Director's Cut (JP).uac	1623	Metal Slader Glory - Director's Cut	high	root-title-exact	53	"""Metal Slader Glory: Director's C"""	5307ec91e441860f688d0e13f0b278cc4e74e575015fe510040dfd7640343703	ac60596f334d719650948f63484475c39779b11843137ac0cc0ceee241a6ab8e
Nintendo SNES/Metal Warriors (US).uac	1624	Metal Warriors	high	root-title-exact	14	"""Metal Warriors"""	3b21e0500d7ea370089e0ab3473ace657a0a3f07a53f13f7835fbb30f0f7009c	1532316c3cac507ced878f9dc1bc8001e0d32bd298bb59e95ad0d464536d5060
Nintendo SNES/Modular Escape.uac	1838	no escape	high	token	36	"""Modular Escape"""	8ef24b593bf4c4734336598e18cc6c8a73eb67ea8061fcf6af4715ec0cce56de	022741ac5b1e9570c04586c8cab95b50cbf68d7757403642b97c5cfb09506fc7
Nintendo SNES/Mystery Circle (JP).uac	1717	Mystery Circle	high	root-title-exact	16	"""Mystery Circle"""	908ca50f58e6fa4db6c0d154efd60dee977340792c28ced9b0a020b2c0ec21cd	801ce2605109f2a2e9eb7f585928a8fe500e124a2cfeadf4f1ba90134f089153
Nintendo SNES/Naruhodo! The World (JP).uac	1729	Naruhodo! The World	high	root-title-exact	22	"""Naruhodo The World"""	f7bc23e1b34e06a934219373a90a8bd6f27a034adf266bfcc27536e4e3a9c9d0	b92da66f87ae7993ea86fb1f8ab5d7c922ffdd9bb829befc72652c06fddbe2a5
Nintendo SNES/naxat super pinball jaki crush (JP).uac	1187	naxat super pinball jaki crush	high	token	14	"""Jaki Crush"""	376e3c529278a87b9acffc0ed6134234dcf9938ca5f04e617b56372dfe3282fd	223176eda3ea527eb4405c86667819cd4d2d49dbb74eb9d6168d2fbee7835475
Nintendo SNES/NCAA Football (US).uac	1765	NCAA Football	high	root-title-exact	18	"""NCAA Football"""	a2bdb7d47f0202c485ceaa0f617a65c69679f04d2283ae536db72dc16df36fcf	185e589ca7ab86ade1ad5588578bd04335085be7368d71f6ac8a100a8a219bbe
Nintendo SNES/Nekketsu Tairiku - Burning Heroes (JP).uac	1766	Nekketsu Tairiku - Burning Heroes	high	root-title-exact	33	"""Nekketsu Tairiku Burning Heroes"""	d22883f11f16bb0716bd8bece8b6f46ba9b3abf988ebea81b28cf7408105c539	7f7f32d79feddb3f58c6d75ada7d13e9710c3c12476016d4987a4629e56f0f07
Nintendo SNES/Nichibutsu Arcade Classics 2.uac	1809	nichibutsu arcade classics	high	difflib-exact	17	"""Nichibutsu Arcade Classics 2"""	e64f619cecf5409f158d79b43589daf9a1e8e10444c970fe5292d390540a710d	203b15f82e518d42a75e72a14f4b3cc9d06f50c0c1fab5951dc978c1e724f5bd
Nintendo SNES/Nichibutsu Arcade Classics.uac	1809	Nichibutsu Arcade Classics	high	root-title-exact	62	"""Nichibutsu Arcade Classics"""	62530b6cf314149c1e355d433ffee47b2f487c2899833a07723889f68e0b66e0	3768541978be8b12356c9c64601419f39305c378046671f5c4bceb0e30a5f78c
Nintendo SNES/Nickelodeon GUTS (US).uac	1813	Nickelodeon GUTS	high	root-title-exact	12	"""Nickelodeon GUTS"""	8649083f0dfc06308fbf0157f6f75828b95782738f48d3700842e9f0ab58d5b7	ff7784f7bf07b4d836e493df2a61a88dd506d24456ce65fdc74db34fd4f220a8
Nintendo SNES/ninjawarriors (US).uac	1823	ninjawarriors	high	curated-exact	24	"""The Ninja Warriors"""	c199f188e792d783f97fa2774902fbba83c5c803a7f047f7094950519e5d4572	908425acf6a04a79383767cfe7bd539e1799037ec9df8084d669681c0f4f54e4
Nintendo SNES/Nolan Ryan's Baseball (US).uac	1844	Nolan Ryan's Baseball	high	root-title-exact	11	"""Nolan Ryan's Baseball"""	796ed013e8760e55b2bc3a1010672aa6b84063713da6947c84b1a521131d56ae	ae161eb80bd5c8ed3add82afc5e5366e018a6fced2d02c80058e2e645d9a4446
Nintendo SNES/Obitus (US).uac	1851	Obitus	high	root-title-exact	9	"""Obitus"""	2a269dfb0124e8717468ecc197415e26ae33141f375ca31d40fc335ed382f918	9e3560ac920ae5eb6db34d43ba3c5c2bbe22b2ae586217b23e4964940e648ea4
Nintendo SNES/Oekaki Logic.uac	1854	Oekaki Logic	high	root-title-exact	12	"""Oekaki Logic"""	be22b1325d26da5b6bc35ce1268646a5507a96747e0d0c455944187275666cc8	e464feb6a7b4151fc93e29385f1a0327f377d5b8eef1e31b07328123768ad1a7
Nintendo SNES/Ongaku Tukuoolu Kanadeeru.uac	1863	ongaku tsukuru kanadeeru	high	token	9	"""Ongaku Tukuoolu Kanadeeru"""	f712338a411c4ef1991b3eaea70dae6a0b0a3c7a6a5605733224a3f61dd91ba5	9af74a7dadeb6d098cf99ff99c7df678a206aed5f9711996fc46822be0870692
Nintendo SNES/Othello World (JP).uac	1878	Othello World	high	root-title-exact	28	"""Othello World"""	1447fac9ca97cafa4486357ed6eb0cbf8f6690899b34aa1c08349236752e51f6	1f7023eacd233bd20777bc75fd884fc99bd7efb9855e8fffee1f3549296c0d2a
Nintendo SNES/Otogirisou (JP).uac	1880	Otogirisou	high	root-title-exact	18	"""Otogirisou"""	951b6d69e1f302509f4c0bb670f29e6531d852e8351a5cfa04bde7e3863ea9a6	5df2eb614a329246b258d0c69bebcd43d87dede534555cff6da6c99bf8582425
Nintendo SNES/Out to Lunch (US).uac	1884	Out to Lunch	high	root-title-exact	23	"""Out to Lunch"""	6cd3bb5cd1ce95f2171a5d79bdc5f735da3b189ece37479ed3e16215d52670b2	c7dd79287579fd993ee660cc9848bb082f8f1c51392ae7128f5c9aa8d263d7de
Nintendo SNES/Ozumou Tamashii.uac	0231	bike daisuki hashiriya tamashii	high	token	16	"""Ozumou Tamashii"""	560b72f0db5e1698a88a003f5d69e4ee61aae87c573851b9bb2ca944144f9432	617c22cff48db9a532e8126a78099bfd359d61bc4c3328fcf8d8b6edca1bcd38
Nintendo SNES/Packy and Marlon.uac	1920	packy marlon	high	token	33	"""Packy and Marlon"""	65299a22b714bbe57145eaf2465e36a1cc79459ed53fe2c19381386aec8b1040	55e15c88943c8120e55b608ca0e57f5dc80f28b53b17c6d449f3eb148b241df1
Nintendo SNES/Parodius Da!.uac	1945	parodius	high	curated-exact	39	"""Parodius Da!"""	4b3ca685c9e235a520da0dd5aa47b4d7693a0f8dd48e52d8bd07893c5b4098ca	505339e633781f64d3c2d2f65c13be19a09351df359dadfdef891e6878f96baa
Nintendo SNES/Power Moves (US).uac	2038	Power Moves	high	root-title-exact	13	"""Power Moves"""	9ad7e39ef62ac5a66fe563d630368cba21d94c993d845a920ddc698ab81b0a10	b18476a88641bb69eaba2e6751acc0bf8589e5d3bd581685216ea41b52bc7a5b
Nintendo SNES/Power Rangers.uac	1652	Power Rangers	high	root-title-exact	16	"""Power Rangers"""	d0847518e4651c35bf664df542ed3da6236919cf74b172b0537e1a848540d4f1	e5c2f9ec8b7fae69c4d05cdf66e143af1db2effb33457a76dae2a9b1e5565445
Nintendo SNES/Powermonger.uac	2047	PowerMonger	high	root-title-exact	4	"""Powermonger"""	9a3d4a3112de6d8b115e3cec09e90dba58d0c089cd1c73d9ac4f22f37123416d	ff353ccb885a2703d5a732b386958bd70a6a61c2852284e615459a389597240c
Nintendo SNES/Prime.uac	2054	Prime	high	root-title-exact	2	"""Prime"""	73deffb1a46e4a68014f8b501137150b8b3f1e285b49a848d1c70255b2189baa	5b9b1b541a26d981ed28c5b85df4c8c7aa04e1bba27ada05821a038b4078bac0
Nintendo SNES/Pro Quarterback (US).uac	2075	Pro Quarterback	high	root-title-exact	5	"""Pro Quarterback"""	d55a2b439541c3d1a4147be81326a017481faacab71315645125260522502fa8	0776328a9e2310cc6014d7943e177d4a697f30eef0e5fbaf432511fb0ffb9363
Nintendo SNES/Puzzle Bobble (Bust-A-Move).uac	2087	Puzzle Bobble	high	root-title-exact	13	"""Puzzle Bobble"""	aca5dfe3c94afab7e2994849c293a2e34c7e0a3b095a14ed9a26aca79473a75c	73dfc3fa3d0e953815708ac621fe6de80bfd76acba54b2a20e320c94115a267d
Nintendo SNES/r p m racing (JP).uac	2097	r p m racing	high	curated-exact	6	"""RPM Racing"""	ad91e9443feaa85ea625b8723500e7764280a3915cf63641a646c8a8ec43c8c7	440776091682350c1f754ea7478e3e4137700cee4de7f0b56bd378eaa07541ec
Nintendo SNES/Rampart (US).uac	2108	Rampart	high	root-title-exact	18	"""Rampart"""	50b84ff48e9342039aeb06c436f7c101dc266a4cbb85f87158f359a2fc33b9af	c71726ba03b932ce4fa2125faa9336de1ae0c4498e4f2a74dc396bafe5051f37
Nintendo SNES/ranma 1 2 chounai gekitou hen (JP).uac	2115	ranma 1 2 chounai gekitou hen	high	curated-exact	22	"""Ranma 1/2 - Chonai Gekitou Hen"""	8800bd9188ff519cb6205c9b1465bfe5de51fd7f214c38baa29a4fba094739c0	8947b2e6de72c0a69a3d7ba6b116e3ae0b4e81a915c7ddfbe1d56e50874aa03e
Nintendo SNES/ranma 1 2 ougi jaanken (JP).uac	2117	ranma 1 2 ougi jaanken	high	curated-exact	27	"""Ranma 1/2: Ougi Jaanken"""	2f6346711d100b2fdf469cd0bc57af6464452f6703732ac635ed3c1eac4d2f28	67ccac7699c965b15b05254115d50a887dfaf6ee46a58f6054a4dda6f40c39f9
Nintendo SNES/Record of Lodoss War.uac	1480	lodoss tou senki	high	token	38	"""Record of Lodoss War"""	263076d5520012e25747ebf7bcd99f8243e5a63d53fb189996a3eed6d4254237	d12f9aa26810f795564005725e7222b78916ef4f6d0ec4a75a8be8ac22c0ebd4
Nintendo SNES/Ren & Stimpy Show - Fire Dogs.uac	2127	Ren & Stimpy Show, The - Fire Dogs	high	root-title-exact	9	"""Ren & Stimpy Show: Fire Dogs"""	0a308fa3b2197774c949a7b0e1ea29107fd5fb3b9d8105ffedb13de1ebf685d1	968f3122b117b79f21af5dad6660cdd43d123ec20e0d83c866abd5c57eed2bc8
Nintendo SNES/Riverse Kids.uac	2135	reverse kids	high	curated-exact	8	"""Riverse Kids"""	98aa5c4ff8cc23f8552633a08fe91faa6e9ee15d020a70cd1148740009d08977	05f6971f2e876aa0f623427a08d1c51617812bc5e338a6942638c8b0206251a9
Nintendo SNES/Road Runner's Death Valley Rally (US).uac	2159	Road Runner's Death Valley Rally	high	root-title-exact	11	"""Road Runner's Death Valley Rally"""	e37161ce82b65b201d96756ad4d104c335f04eb4ac697d9bcec79b4fc221050c	f055b8b32c089ae90528f733b33275e9855dd0c763a2aadc86517b1a131ac22a
Nintendo SNES/Rocketeer, The (US).uac	2169	Rocketeer, The	high	root-title-exact	7	"""Rocketeer"""	9119df72cfe4deae035e9bc90453ba2e0073f3939953b3f11af25d177d917a14	03ea7648a10456b122a64d15f08172bee0a3cc132ff170939d0a83e318410d3e
Nintendo SNES/rockman forte (JP).uac	2170	rockman forte	high	curated-alias	31	"""Megaman and Bass"""	f153b2889414fe153d196c0d6ecf331cd1bfd7cad2993fbf59efb899f3c4e767	843012f45e48b73fa98d853a9e18804eecee60f1dd17006e2014142e686dd79f
Nintendo SNES/Rocko's Modern Life - Spunky's Dangerous Day (US).uac	2178	Rocko's Modern Life - Spunky's Dangerous Day	high	root-title-exact	7	"""Rocko's Modern Life"""	0a716f49c24d43077357333f7f4a02f6bcbe080a04048855bd03415a0d48cfad	e0a810cf13840fd345cdd09a838d8a2913c9c940c5e3fc6f8792fac6343a820a
Nintendo SNES/romancing sa ga 2 (JP).uac	2191	romancing sa ga 2	high	curated-exact	43	"""Romancing SaGa 2"""	fc53b9dc4a6d4b960360b1dbcd9861098c0f7e306db58c7c844101c9ca376d2d	a0a7f18176dd1bf83469996e5f69f0a7a795cd7742bdd200b0669410bcfd2b93
Nintendo SNES/RPG Maker.uac	2196	rpg tsukuru super dante	high	curated-alias	44	"""RPG Maker"""	908e584ced45d43fe9873411a3ea55a1ce1f740b982d1428e71a9d4f75c22dab	585351645d40f012e7ab841d9c2dde11b8824b6ea5b79e372feb623f3a6ed5fc
Nintendo SNES/Rudra no Hihou (JP).uac	2198	Rudra no Hihou	high	root-title-exact	67	"""Rudra no Hihou"""	c3f87bf430b69cf4d561736f400dffd2409deb7f894d88435b93dd56f137f5c2	9d340695585aeb014ad6e0f6c5a97e9d8b36c3f57658a3e24b7a63c8c2354f40
Nintendo SNES/Ruin Arm (JP).uac	2199	Ruin Arm	high	root-title-exact	35	"""Ruin Arm"""	f5f1c4ad499a434f8bc8b77f777a71d0536d49927b64c16ae6fad21d2beaad5b	f334e08d6abbc149b5b7ff1b69c95ea5b196f45e526af1f58e7722bb1db45e3a
Nintendo SNES/Ryuuko no Ken 2 (JP).uac	2207	Ryuuko no Ken 2	high	root-title-exact	36	"""Ryuuko no Ken 2"""	f40efdd1aba414c25fd423687ab1e1ca66a34ecc8630386e205f58627ad2f2db	db9200eda8097850b31edd9420f1f14524e26c20f93bffdf5da3e16291eb2c16
Nintendo SNES/Sailor Moon S - Kurukkurin.uac	0248	bishoujo senshi sailor moon s kurukkurin	high	curated-exact	14	"""Sailor Moon S: Kurukkurin"""	b137379615e18d68beb8d11bc2ba3395aff8b84239978edbddbc39d7148e87f7	a0cd907ad72195c5e903c560ba8b2c932511b92edc2d9c9fed7ba980dd4054ae
Nintendo SNES/Sankyou Fever Fever!.uac	2227	sankyo fever fever pachinko jikki simulation game	high	curated-exact	6	"""Sankyou Fever Fever!"""	3a4dc64e9535da135f92d35f0879196a99623a23ecc6814b955cafa15b2a4fc3	460ae568df08a095879875131ae13840386fd5e754eb6d3b3f7e04bfa92f464e
Nintendo SNES/Sanrio World Smash Ball! (JP).uac	2229	Sanrio World Smash Ball!	high	root-title-exact	17	"""Sanrio World Smash Ball"""	d810bd6ca0124ea295388c0220459b47e505495f7774f8adccd196b16b79a593	b427f6abfd90b1c8fadc0ee2f1804255d5373949277226560d07bac1be019ac4
Nintendo SNES/Sansara Naga 2.uac	2216	samsara naga 2	high	token	17	"""Sansara Naga 2"""	741310b25cfedaaf43f93f462ccbf6cdfca7ec2efcca3f02cde6ef47fb930961	34bf8a8af50b026c5b13ee94177c1663101b1672bb9a307a9b26435a2167fb88
Nintendo SNES/Scooby Doo Mysteries.uac	2234	scooby doo mystery	high	token	8	"""Scooby Doo Mysteries"""	ef97199b08bd49d1e9bccd365f4c045e8b0fc708d9afd30ba548c5c1b6400695	458221773ce07ce77ec92bd2abacd20a7208a1c3335d5ff13b5e1328ffdae82c
Nintendo SNES/SD Gundam Gaiden 2 - Entaku no Kishi (JP).uac	2242	SD Gundam Gaiden 2 - Entaku no Kishi	high	root-title-exact	25	"""SD Gundam Gaiden 2"""	8e53f8b2c9755fdab4346c0b9780a9a873e264e3c973e69b822163b4724bd92c	ab75269850f3f39aeb44dfb781dc472cd43fb02370e824442a51dbafcb4e4881
Nintendo SNES/Seijuu Maden Beasts & Blades (JP).uac	2270	Seijuu Maden Beasts & Blades	high	root-title-exact	26	"""Seijuu Maden - Beasts & Blades"""	7914e68bb216279873205c7f3486f281fd6aa2e8f6ed55558b6aba63bc9f0fe7	e0269f883177f166513212b050325f7bd52773b5a9a41eaab952ead14004afc7
Nintendo SNES/Shadow of the Beast.uac	2849	super shadow of the beast	high	curated-exact	10	"""Shadow of the Beast"""	7899d4b1c7f59de4b1270e7a919528f9a384fb15335e103e503f3e58caf478bf	82b6427616d998d3f69040c80f854e64b8b1eaefec657f24f470acf5ce83dce3
Nintendo SNES/Shijou Saikyou League Serie A - Ace Striker (JP).uac	2302	Shijou Saikyou League Serie A - Ace Striker	high	root-title-exact	11	"""Shijou Saikyou League Serie A: A"""	5507c0fc4b5069df0d4a7b1a1791ce2129d16aa1785c87d5b746cc8c86f41c7d	10d33268abb028c2d5120891890e322cb813d82d6dc8c2887a627e322db41bf1
Nintendo SNES/Shin Nippon Pro Wrestling - Chou Senshi in Tokyo Dome.uac	2315	shin nihon pro wrestling chou senshi in tokyo dome fantastic story	high	curated-exact	17	"""Shin Nippon Pro Wrestling"""	ceb00ae2c690a90743cac76f2cb95ff900433a5cbabd11418285bcd30953e829	9389fb41c6c71c45dce3e0087b2f8bfb748896b0fb0b165725561696a01d9f85
Nintendo SNES/Shin Shougi Club (JP).uac	2319	Shin Shougi Club	high	root-title-exact	2	"""Shin Shougi Club"""	6e3b3826bc304e6b6a8533d2804fd1c5751f0dffaccb98cc695c7b340ee664e1	da1f008ff452ef537037fa1127fce6cd0af22d615c49e4297cef03de92b4975b
Nintendo SNES/Shinri Game 3, The (JP).uac	2323	Shinri Game 3, The	high	root-title-exact	9	"""The Shinri Game 3"""	5d7b2a005b369b34028fec2588b641bbcaf6cc3de68d6b22f0b81fec6c902de3	71b92ce7f3f9e9bf0a06cc26a611e938748f6c7dac87d2edd71f2c13f050bd26
Nintendo SNES/Shodan Morita Shougi (JP).uac	2331	Shodan Morita Shougi	high	root-title-exact	5	"""Shodan Morita Shougi"""	0d318fd864d9a4dfd18ac9e6c93318ae4ca43440459bd2a09b0563f9ad5171a6	5a7e31f6202901acc25de1fa52c1388f8c39ba94e21e00c3eb6005eca1314ebc
Nintendo SNES/Shonen Ashibe.uac	2338	shounen ashibe goma chan no yuuenchi daibouken	high	token	17	"""Shonen Ashibe"""	7a07123734ee06ffbc55c0aad4bd0243d0e0129d48ae9a5e82a1fe17d06ccfcb	4c422152ef4b834b47ed168e3d58c991bb2b9a7c102860ac3265f77503757dbf
Nintendo SNES/Shooting Macross - Scrambled Valkyrie.uac	0433	choujikuu yousai macross scrambled valkyrie	high	curated-exact	30	"""Shooting Macross"""	f273bc43e8853c2c971497dc62697853ec49e17c3dd974ca0ffa1ca061ce83f7	c8f584dceb6e5eb4b9712d6a3d08af95260b0c34306bbb44acefda99409da289
Nintendo SNES/Shougi Saikyou.uac	2335	Shougi Saikyou	high	root-title-exact	12	"""Shougi Saikyou"""	1ef881cbe2747e927b097eeb35a66646c30c8b55541a90ef738ef03023c01b94	c19948132027a2a11f2bef8f1b3dc7dcaca1c51ec0cfed75c39738a9bb84a02a
Nintendo SNES/Slayers (JP).uac	2375	Slayers	high	root-title-exact	47	"""Slayers"""	b1eb3ced1bc74ad7d0fc095045a9a270082346a4924dfcbdeab03e14315c5517	405963a123066384ed8879481f39f09a6bf8b3ea41ffe3343a2bddb58bfc2d2b
Nintendo SNES/Snow White - Happily Ever After.uac	2393	snow white in happily ever after	high	token	21	"""Snow White: Happily Ever After"""	48b5c157e3e10b1a8aa6483ce12afb51a7f29af1a67e0a91b1621638de64b2e7	f98481e007befc82b396723cb0bcba3e0a0ee89784a7d4aec9b3377e96914514
Nintendo SNES/Song Master (JP).uac	2402	Song Master	high	root-title-exact	38	"""Song Master"""	3dcd2cf2ca305f5e6d3c66d190d9452c2c506870565b7d68b64eda35415c28b7	4cf9a34e10798fd4c19f16adbc265bcdee2356adf7bcfcb727292d4146706966
Nintendo SNES/SOS (US).uac	2411	SOS	high	exact_root_match	30	"""S.O.S."""	851eac6eaaa80263df04ac80849fcc12e6e527a2faca2bcdd33b77ff7df80001	e73a058252db7f66738109ec433eed1a025d1d75ffc03b333ada2de6173d49ff
Nintendo SNES/Sougou Kakutougi - Astral Bout (JP).uac	2413	Sougou Kakutougi - Astral Bout	high	root-title-exact	22	"""Sougou Kakutougi Astral Bout"""	ee423ba0e08bd8717a0abdac4296f9819560a4e2d19e1df4f8b9d3faa1336275	a552a0dda8e6be14459aaa04e6f2607f9af9bce5b929eec3689530d01397db08
Nintendo SNES/Sougou Kakutougi Astral Bout 2 - The Total Fighters.uac	2414	Sougou Kakutougi - Astral Bout 2 - The Total Fighters	high	root-title-exact	23	"""Astral Bout 2"""	2c9869758b0dbb4c7424e4a697c14aea4a1ea653126e97f5cde19eb8a20c1fb6	5c6b2f3b4cf8ef9bb720c49fe69c20efbb58475168d0c2e440fda3ca627bd3da
Nintendo SNES/Soul Blade (Pirate).uac	2418	Soul Blade	high	root-title-exact	8	"""Soul Blade"""	aead9b2caa864bfee9037370d4ff5430abf2b5e579d1e12763a893fbc81e488b	f880b44b91db29d4fdb3218f11c37ae03852daf1104376606de77f5ddefee9e4
Nintendo SNES/Spark World (JP).uac	2441	Spark World	high	root-title-exact	26	"""Spark World"""	5780280733e9f26e9794219e899d73998b1959e47d1f7c9a8b21976b7931b1c9	4646bc24f936a1c021663a104f4ca556879d4ad992976f9b84d80a054a93f033
Nintendo SNES/Special Tee Shot (US).uac	3796	Special Tee Shot	high	root-title-exact	37	"""Special Tee Shot"""	ea2976b8e0291f0c09775fb6b55da30b727ccd291facec6ff13c84492f42578f	ac67cf8491974b2c638cdd36fca3373060284c17205abb2f5272ff32eabbf6c3
Nintendo SNES/Spiderman - Lethal Foes.uac	0093	amazing spider man the lethal foes	high	curated-exact	22	"""Spider-Man: Lethal Foes"""	53ab66ee70062de93f810170ba938f6a113889c6fc6463b3a18dab44d00f5a02	e429c1be162423b0a0f1473abec55a1082334a9621a64ad18ef806cb61633b26
Nintendo SNES/Spirou (EU).uac	2467	Spirou	high	root-title-exact	17	"""Spirou"""	b5f4e3f7394fe0bacdcbeac58e0250248833ade8f6e900a462e97ef2b92e7b88	2fc2bcd3d50381c4bef2df0d195c557104cbcdb249ecf1bacbab57dd9b40592c
Nintendo SNES/Supapoon DX.uac	2540	Supapoon DX	high	root-title-exact	30	"""Supapoon DX"""	3c796c1a36a0dc34b4dcafbbd10240c825a504263942bbc950d568ff8d0fe3f6	7d2d8c7a1c22de8667baec404c650d07f5c02cb8bb2bb671cd0c3b6b9b02235d
Nintendo SNES/Supapoon.uac	2539	Supapoon	high	root-title-exact	17	"""Supapoon"""	4b6a8ebef2376012048a8c4e2b6e5a70ce2daedd5aa775dd0c6c0744b29ee0ba	572ac641760226a073c8d3ea723af4f06c2d6d92c4f14b229d9f5e0c1daee47e
Nintendo SNES/Super Air Diver 2.uac	2550	Super Air Diver 2	high	root-title-exact	19	"""Super Air Diver 2"""	215227fc6cfb517001adb8f05ef4a1927b4a36dc31be52bda66dbaae236b6dc2	100fe8862af47a3609b98c060296dc6894d4478cec9ad47579e0f12e8495948e
Nintendo SNES/Super Baseball 2020 (US).uac	0003	Super Baseball 2020	high	root-title-exact	21	"""Super Baseball 2020"""	6d9bfb8d8da2ef7710ad449c8951d3283c0dcbf13006a934be2c0d06bab80661	7cfe346308aaba78fbd329aab5bd907c142586ef3261dc72bc77302afa990a16
Nintendo SNES/Super Baseball Simulator 1.000.uac	2560	Super Baseball Simulator 1.000	high	root-title-exact	22	"""Baseball Simulator 1.000"""	95d9a41ad8be2b6dec90475be532a02d4bd0a4e8b1cf0b165d7c6ae14bce5325	d0eeff1bdde8d0f035e7d22318367fff6144763353838d167146e60f61c6db13
Nintendo SNES/Super Black Bass 2 (Bassin's Black Bass).uac	2581	Super Black Bass 2	high	root-title-exact	12	"""Super Black Bass 2"""	2fb6d9a271fcbc4c4a86ae60421ae6b050b9196578d340c5751a95a21d915d35	e028099af25bca3ba3fd722c60898c4611ff4db8c2a593aa7284ed9d9e37d193
Nintendo SNES/Super Bomberman 4.uac	2595	Super Bomberman 4	high	root-title-exact	27	"""Super Bomberman 4"""	a162926a27fdb369e0f44764c5341865d2aa27eb4cf49f9f6868904f4b5cfa76	a866d13df255d6592da99ead7ea710c0f7a2b7f4e6b8aafe2260a7e91adffd26
Nintendo SNES/Super Bomberman 5 (JP).uac	2596	Super Bomberman 5	high	root-title-exact	47	"""Super Bomberman 5"""	9d585295e792364e1860d033a23f213ebf9e4a94c792180dd0061c9bd80d7d75	2e7303a7f4d09796d4b5b112591581d65c455a53671150455116013559efc9d2
Nintendo SNES/Super Double Yakuman.uac	2637	Super Double Yakuman	high	root-title-exact	47	"""Super Double Yakuman"""	5af8d4125b693382780a51710150e8f6f882f4a54f8685306cd7733d471636d7	8975b00af8025eb570ea047364a3d0b6a0fa9d513ccd9b06f52754152e044883
Nintendo SNES/Super Drift Out (JP).uac	2640	Super Drift Out	high	root-title-exact	20	"""Super Drift Out"""	75344889d43314f22434888ba4a3d0fa543a097b865ba9fd2a26fa663467e616	a0da9a3c739aae3f6a8a62c4fa09a8c83ad89b89a3ba77f66e62fb6d5c9758e3
Nintendo SNES/Super F1 Circus.uac	2646	Super F1 Circus	high	root-title-exact	32	"""Super F1 Circus"""	a2e31e091566cf8838e166968ef5fb01a3e77bd4a357294fd045bccae87ab329	fb73ab71f25046222cc62024e11ffb7286c7c3aec2e27257d032b129f4354c40
Nintendo SNES/Super Family Gerende.uac	2654	super family gelaende	high	curated-exact	21	"""Super Family Gerende"""	55ff3698a969b778600f22a02d02d39205dfbdbd65c967b0633faba5cb14dc3e	092020f533ce76f34cd4075c885b266b9674939f0ce52782d6008fb67f1b51c1
Nintendo SNES/Super Family Tennis (JP).uac	2655	Super Family Tennis	high	root-title-exact	56	"""Super Family Tennis"""	87c7aed8987bbbfe87b0542131c5761948b7cf4f12eebd36a73fa1e95b24f9e9	371b5ad66ed1d2927121c3595261b76d2c88ea1ce06267502e3430cd3e634290
Nintendo SNES/Super Famista 2 (JP).uac	2657	Super Famista 2	high	root-title-exact	23	"""Super Famista 2"""	08a6ad9648731f4eca22c64b2b62267b2728cc887b13a36f59d944f8bfe366f7	473e63ac82de70ea12149b9d6e1582154d1807c2b70dd2245aa33eef2b244546
Nintendo SNES/Super Famista.uac	2656	Super Famista	high	root-title-exact	23	"""Super Famista"""	472a628d72548295a1167f97583973d0038f606e0e6ede5787c57a6a7bb4a0b7	4970150d7ecbcc147decbf42859cf231aecf0e6d7d8792d0eb15f5c74f629a84
Nintendo SNES/Super Fire Pro Wrestling X.uac	2671	Super Fire Pro Wrestling X	high	root-title-exact	37	"""Super Fire Pro Wrestling X"""	eee45e11e4484afca1d53581ef3d2de4bd2ab5b26b502121307755cf78aba1dd	9895ccc48b3ff1bb8b1621ef67a526710112d2a67c43069e49eade7b21639979
Nintendo SNES/Super Fire Pro Wrestling.uac	2663	Super Fire Pro Wrestling	high	root-title-exact	23	"""Super Fire Pro Wrestling"""	2bea41dc82139ecec9d2115f480ad2c930ea411d3d528d681b2189862f5185e5	ffdbab41a1743a6f257aca77c5eab818717c9e3c531757fce947cd62b0cd0ecf
Nintendo SNES/Super Formation Soccer '94.uac	2674	super formation soccer	high	difflib-exact	51	"""Super Formation Soccer '94"""	b4be87ff30b0a674b55481ea0e421ce3b80defa49aad6c2663b5d28246e7af79	acad2ee2cf27bd2c5b5268f2e2a146a2ab0e0df93b07650d5639053863f89b70
Nintendo SNES/Super Formation Soccer '95.uac	2674	super formation soccer	high	difflib-exact	42	"""Super Formation Soccer '95"""	0a26713c23186afc2be1e49f9bcc172aba23d2f5de190c26390e8a7101aea93d	2a6d5d2f920bd3011e16de67d9b2c29442842c6a92019d6c426863c519278701
Nintendo SNES/Super Formation Soccer '96.uac	2674	super formation soccer	high	difflib-exact	17	"""Super Formation Soccer '96"""	98cc00533d9111372cce10c1e19456c2bfdca7f3452865f45633bde2c4c61d1f	d4b18a86ec2100cb5f34a2539e3c6b677c1eea45d68c95648d7e9ff35c0a292e
Nintendo SNES/Super Formation Soccer (Super Soccer).uac	2674	Super Formation Soccer	high	root-title-exact	30	"""Super Formation Soccer"""	54276e25f53571bf71776d1017cfaf31ce1230a006c91775d7d927b5ef79d919	81a4ed753cda02154e9145823b427baf0534a268f6d6fbc2c1a220031200abf8
Nintendo SNES/Super Genjin 2.uac	2688	Super Genjin 2	high	root-title-exact	18	"""Super Genjin 2"""	9271f02c97d568b3cbaec1b9a158481e2d95ac4b7a29cdd1d16f9cbf83742baf	d99313e8637efaba6068aa5a803feebd46dd7c9da94d6e1e97b0779b3b983b56
Nintendo SNES/Super Goal!.uac	2691	Super Goal!	high	root-title-exact	22	"""Super Goal!"""	9c980a9de5c8cc5439d5020b98418b75ae4bce090b1aefba1d8fca8c1b78ee72	5c864c85fabf245eef87a1c09daf3c681b88496cf0ddb6f3800abece5c14dedb
Nintendo SNES/Super Gomoku Narabe - Renju (JP).uac	2696	Super Gomoku Narabe - Renju	high	root-title-exact	12	"""Super Gomoku Narabe Renju"""	fcd840a7e7dd9277a343621b6c466ed44098224eb1dec43c222c659b5f998ed7	d3689da9fd1eb7983fd1a44a92609c3ab3021a38afc0fce53164b8108409145c
Nintendo SNES/Super Gussun Oyoyo 2.uac	2700	Super Gussun Oyoyo 2	high	root-title-exact	38	"""Super Gussun Oyoyo 2"""	4d7ee0108b694998e9d2e787b4b33be42e0db17ac142047a64eff2e59d0ec9cf	4f1f1e5da5a35a93db8dc92ad03f8d169bcb26a8cf38865d3de254945909e1fb
Nintendo SNES/Super Hanafuda.uac	2702	Super Hanafuda	high	root-title-exact	8	"""Super Hanafuda"""	e952060d934c48fb49bb67e4c4ffe8a20be17224b2189a49d24d0fe9254eadeb	d307480d6789a5b72c06c5ed56ced2abc8de6216720d17cec2a24486547c7255
Nintendo SNES/Super Hockey '94 (JP).uac	2707	Super Hockey '94	high	root-title-exact	9	"""Super Hockey '94"""	26395faee80e1b1f667ddfcb103d1b859d240cfba65db15f59a3bf0019adffa1	399bc1ff89da5ccb087fc595a30b0c0b4f21cdfc42f203c1c211f1705e38c1fb
Nintendo SNES/Super Kyuukyoku Harikiri Stadium.uac	2736	Super Kyuukyoku Harikiri Stadium	high	root-title-exact	21	"""Super Kyuukyoku Harikiri Stadium"""	eb263484df7a556be14de75351101455ab5c1f2a668d7b337e56ccc0c31b34dd	24f7d6e0246d1f9dbb8d0856bf0f1c1287d5dbdcf7dab9cebc1a14fc7512386d
Nintendo SNES/Super Mahjong (JP).uac	2741	Super Mahjong	high	root-title-exact	13	"""Super Mahjong"""	92841635f4a1d2407f9d87d1066be6b7b61f36bc47f994fc788bf2ba9a68f640	7ea92a69d41932dca4db6fe5228cf06533c393a6da59484935a3b652c99ae86b
Nintendo SNES/Super Mahjong 2.uac	2741	super mahjong	high	difflib-exact	25	"""Super Mahjong 2"""	dbf3667c724cccdb65ff6d13c2ba354193a3e53f8ec9d2b8af5c97068f8a8915	99dcb59e05af3cac13d84493b1945e7fde8a465aec88a1921b35934f07bd8c86
Nintendo SNES/Super Mahjong 3.uac	2741	super mahjong	high	difflib-exact	22	"""Super Mahjong 3"""	7414379900bd45364a4b6b5f32d67934f8ede36b7451a6984f29a47173728efb	59ab901193a803c4733dace5da18b68432902c4705711eeaf20933f74c4a3fd6
Nintendo SNES/Super Morph (EU).uac	2781	Super Morph	high	root-title-exact	10	"""Super Morph"""	0b2f3a1a1641e2d7f57acac4fc6e3a5aa8c7dc4f283c2f60928627aa8433d334	910317f9795ba8eb04c81b7c80fbc7274187ce4e419a77448245b7f3889092cc
Nintendo SNES/Super Ninja-kun (JP).uac	2790	Super Ninja-kun	high	root-title-exact	20	"""Super Ninja Kun"""	0615f42da607fc1b4169ff8486c7d55f90827194e18ad75abb105d78eeddd0c4	9db5ca0150c11cb4f69151dcc341a49e1205a2a81732f90511b8301c14c4cb39
Nintendo SNES/Super Pachinko Taisen.uac	2805	Super Pachinko Taisen	high	root-title-exact	13	"""Super Pachinko Taisen"""	7105664c32f5fdcf81a6dfa61c9deead8606ad6be9957f46bdcc0683036eb76e	b6c4949ccd0443a0b5313b9344b5e22014eff6847834f32edff1b03eb6381bd2
Nintendo SNES/Super Pachinko.uac	2934	Super!! Pachinko	high	root-title-exact	29	"""Super Pachinko"""	136a6cfbb10c799faefc4c123b59f7a92e05ba26710acafaa4ee16b42b70ea10	7c9021e1425fe16c3127584713ece9eb4aad07802beb9bd12c9982c6589a59eb
Nintendo SNES/Super Power League 3.uac	2818	Super Power League 3	high	root-title-exact	15	"""Super Power League 3"""	7ff2ae15eb261c67c6d814af46c17d5348d873950ae4715e3ecf02df5552fa83	32776706efccc9c168f62752d7968b439ab5c0cc1528afe2bfce77e41e132f82
Nintendo SNES/Super Power League 4.uac	2819	Super Power League 4	high	root-title-exact	14	"""Super Power League 4"""	59af7edd90912d192b465c2642652cf81d2510614e27d84ac0707b0b1c738d80	cf29db96dee54d489c40f0f645962d02f23daa36786b8c06e2b282bbb5ba81dc
Nintendo SNES/Super Power League.uac	2815	Super Power League	high	root-title-exact	16	"""Super Power League"""	7d7b177c10fe8905aae6bbfb0ec5943d6458fededfe48d365a50106fa49648cb	d7f9cc8a70bb968f7ee315b18f9e0ed0c73234d7f9202ec1d8edf8177215511f
Nintendo SNES/Super Puyo Puyo 2 Remix.uac	2833	super puyo puyo tsuu remix	high	curated-exact	18	"""Super Puyo Puyo 2 Remix"""	e6a8341beb94fa781e108d4f1efe01b0ea388bf2b2db37116c137f0278fbaf28	df85b5e6d1dbfa50222ad06505463166049fd147af3dce050f88c282200a443c
Nintendo SNES/Super Puyo Puyo 2.uac	3931	Super Puyo Puyo 2	high	root-title-exact	17	"""Super Puyo Puyo 2"""	bb4d51f112776c0d134e24d9fde80953e3d7dd077c337093f83b21f4851d0da3	08329c6b5b981a1e3901061fd18498484b7761fd3aab100fb88189ef6f4f5fdb
Nintendo SNES/Super Robot Taisen EX (JP).uac	2840	Super Robot Taisen EX	high	root-title-exact	34	"""Super Robot Taisen EX"""	d24c3d9bcf6e2539ada5079fd0d7f14de40ade1fbeff920ed147edd0f7fee513	cd85110319c312b9580450a252d45cd28589f1861edca22da8f1a43a6b67763a
Nintendo SNES/Super Robot Taisen Gaiden - Masoukishin - The Lord of Elemental (JP).uac	2841	Super Robot Taisen Gaiden - Masoukishin - The Lord of Elemental	high	root-title-exact	45	"""Masoukishin"""	47ee8a9422898792e6f07310f2ad4249d9243a4e51d93ab330086cd6e1e640ce	4e8e5e2dbbbddc296050961d49deffc57e57b3b6d607d5394d24470f747f41b7
Nintendo SNES/Super Romance of the Three Kingdoms 2 (Super Sangokushi 2).uac	2186	romance of the three kingdoms ii	high	curated-region	18	"""Romance of the Three Kingdoms 2"""	2d97c373fed3875ac13810b0b8725d1dfba5e185ee5baef3d3083945897a5dd8	9572c0be6c122461fb3a402ce17475703fd348fbffe419a716c53ee7f8287377
Nintendo SNES/Super Sangokushi (Super Romance of the Three Kingdoms).uac	2844	Super Sangokushi	high	root-title-exact	15	"""Super Sangokushi"""	4633e5db21d23cff4ca107628500de5c5fb9c82d0c79ff5f6693349205277805	b4ded20d3b027f66a195f94da6a628c0803f1c1d4ef702b69c08b55bc9b972d2
Nintendo SNES/Super Shougi 2.uac	2852	Super Shougi 2	high	root-title-exact	19	"""Super Shougi 2"""	fd83276f0871f7add0b52799c0790782d1393d09e91b0dfea12770be5f4135f6	1eeac07719a4ddb1b106623d14cdee18297524db3ebadfe3e743f6b96760f3a8
Nintendo SNES/Super Soccer Champ (US).uac	2862	Super Soccer Champ	high	root-title-exact	13	"""Super Soccer Champ"""	245871b25eef2c5484241e5c207f5b90f4ce4d419d4a2098827fedc94edb4007	27a2ddfc0820882ef60853b8c7c61558b34e13ac8d51c588a22524fba72b268c
Nintendo SNES/Super Stadium (JP).uac	2866	Super Stadium	high	root-title-exact	19	"""Super Stadium"""	431b1aab360bc2743756bcc30c1bf73e210d19a4c30ef74d82f04a1088a07eaa	2d2b2846bb0a31735558068b0c30f996ee8002e5241d02cac09f605e7866a92f
Nintendo SNES/Super Trump Collection.uac	2905	Super Trump Collection	high	root-title-exact	22	"""Super Trump Collection"""	2c122543c4a9f1e5fc4f3f03cae65182d2968b167e3b96b6f4b9379055ee3166	b25dce8cc924e4648b4bd78c31f6f755124ecf5f6c0c8a3fed09c31840bb6625
Nintendo SNES/Super Ultra Baseball 2.uac	2917	Super Ultra Baseball 2	high	root-title-exact	24	"""Super Ultra Baseball 2"""	61389f902404a11a589aa24d177500bc97f4c2ee162a81bea040e6742b43923a	2fb9b4995a948d4832aea0f397a082f4c5a15028f9d83cf4c082e5bba1394a29
Nintendo SNES/Super Valis 4.uac	2921	super valis iv	high	difflib-exact	18	"""Super Valis IV"""	0ae88a3391672e046ae8b01ceb96e51c523c32928c141328ec54b4f9395161cf	82d5501549e116c6c019d48d8e72f2b3008162bbc78f33593e3cedc0a10f8830
Nintendo SNES/Super Variable Geo (JP).uac	2922	Super Variable Geo	high	root-title-exact	16	"""Super Variable Geo"""	db80cbd26f99ce84ef671e69b3da3199d2de4bd9e3666a2fe2fb121b5372eb14	f18ff976929e2eb8403d5e5a4fe2d620cffeec21f5693db8a3b4abb3cf9fd413
Nintendo SNES/Super Wagan Land.uac	2925	super wagyan land	high	curated-exact	30	"""Super Wagan Land"""	8bc1d86ea0bb4a7905773744b496e71daefa4e0c5d780665daeffa4132adcd82	7731d2e8e3bafb56eb39cd1d8e6d135c555ff2eba97a8a86dc0bec198b37eaa1
Nintendo SNES/Sutte Hakkun (JP).uac	2936	Sutte Hakkun	high	root-title-exact	37	"""Sutte Hakkun"""	5b39883208e77e377b6fb3c924698597aa0aa7fcbb8f335b099160e010b26ecd	9491818c39d231982aea74aeb5a95ffa47fed7674def16394428c07f183ea0fe
Nintendo SNES/Sword Maniac (JP).uac	2945	Sword Maniac	high	root-title-exact	14	"""Sword Maniac"""	8354f56a6de80240bccf6b018ae3326e1077f37bf667fcb49f394e2e944e5a03	b504b7c45de50543d34b679113bbf6226d453f64201eea3365ca31f815a529fa
Nintendo SNES/Sword World SFC (JP).uac	2946	Sword World SFC	high	root-title-exact	81	"""Sword World SFC"""	8d1b29398aa5e178e9ab8dc428d6672b8f8d67533b22b5b9bc4f783176c3cf50	a40a1023b9ed80905bf189b4e8e358b23631d35cc22482b01bcddf994059edae
Nintendo SNES/Sword World SFC 2.uac	2946	sword world sfc	high	difflib-exact	57	"""Sword World SFC 2"""	96f9c7fde9acfb1a1d4f83a79bd5e02716fac9665f283b91c5668752a51198f5	cb7cb5be1a4998ffde2315fc4f26d9505bed2044f6f4a34c1448a65bfb65b049
Nintendo SNES/Taikou Rissiden.uac	2968	taikou risshiden	high	token	29	"""Taikou Rissiden"""	89510e8c67a97df7319f559fb47089ae232bb9ab5a9e3b07065d958f62cd6875	87710da3be6209eb0049a07a44ceb11ee886a7b8025ee673452f9855d16b94e1
Nintendo SNES/Tarot Mystery (JP).uac	2980	Tarot Mystery	high	root-title-exact	6	"""Tarot Mystery"""	91631a02823569f6ff5917aefd99abb867a6261fc749addd9ded2c0a7c869d28	f1d7c2351e57b9ef37e68dd8c84667cf206e72b1610f91fbd1b63d98a5977cbf
Nintendo SNES/Tenbu Spirits.uac	2226	sangokushi seishi tenbu spirits	high	curated-exact	9	"""Tenbu Spirits"""	beea4e3b032afa2b0377959b358399685f5233a182bf632e2d592d7411644ff7	0d02f874d5c0237a0c045692c4337f100f65e156439aaaeed539add4bc91c367
Nintendo SNES/Thunderbirds.uac	3057	gerry anderson s thunderbirds kokusai kyuujotai shutsudou seyo	high	token	21	"""Thunderbirds"""	3eb85bd4d3137135b2baffc73f2bbbdfe3a63319b44c04e9c3b7c534e2392f91	a76dfa072e4ab516f09f3a270ac9153086bf8c0f127d967b90afce29321efc05
Nintendo SNES/Tick, The (US).uac	3058	Tick, The	high	root-title-exact	10	"""The Tick"""	fcfaa7f19de7648131fbe295a4d1bef7fcd18496a9aee7e9fee2c0109c78813f	3deef6f25da1546bb80b278d1ef6e42d57bdfa3c7d4457e219c37650644dc565
Nintendo SNES/Tin Star (US).uac	3070	Tin Star	high	root-title-exact	22	"""Tin Star"""	66ed3d5ec149526805c836ed30c3848549970c77bb0566505be840bccfc83921	e0e2fcc32c7d6e7cc2957d2cb03687334109072dab0dd7010b1d69b20be313b6
Nintendo SNES/TinTin, Les Aventures de - Le Temple du Solei.uac	0049	tintin prisoners of the sun	high	curated-region	30	"""TinTin: Le Temple du Solei"""	8a2d66919d38a00b1fa5fc3b26f43adf47594932dc0d4a77e916fba88724a91a	062934c6d7a82e015579d8fcd1807e0dc8ddbc7373aa3b15397e9d1fd0fd1b5d
Nintendo SNES/Top Management 2.uac	3103	top management ii	high	difflib-exact	16	"""Top Management 2"""	69aeb828ed70afd5e0539f97eade50526d0b17873618481384a256a8fe1eff7d	d63e873cd1b0d22754251f38f23225eb7206ca9b032179d3ba79816e48da3bfd
Nintendo SNES/Traverse - Starlight and Prairie.uac	3121	traverse starlight prairie	high	token	84	"""Traverse: Starlight and Prairie"""	8c8e912445ca55abf043f95c03496744fa2e8af1bf24ad08a39b0531ce694cee	51fa852d8867767ee589ddffbd2c6b9a881422552be936a664c40f5c27b24003
Nintendo SNES/Trinea (JP).uac	3125	Trinea	high	root-title-exact	33	"""Trinea"""	3724e1d539fd26d9a1fed8f630a8e4516f367b3a4affd924b5479444481b7314	7e48dddf467e677dd9c27b4e024f6bbef2f791248bb3586fd6f19e4bb84dfe2c
Nintendo SNES/ugoku e ver 2 0 aryol (JP).uac	0137	ugoku e ver 2 0 aryol	high	exact	32	"""Aryol"""	dd697f303ce477892e06b1275bc3c04ef70bc74e34e8ff53d6ba2b03ea8d51bb	6078287e6232de4c2f8f8be34c40f6249e32757dfd0ce77c4dd9b637194198bd
Nintendo SNES/Ultima - Dinosaur Empire.uac	3162	ultima kyouryuu teikoku the savage empire	high	curated-alias	9	"""Ultima: Kyouryuu Teikoku"""	0e82f49fa10504f2b0b6f7919a928ab6c48c90befa5697f7e298cdf2a70b8423	b483af4c0497f77593b7259d82c618dd3393efad4c6b1ec382e864cc4ae6fbe9
Nintendo SNES/Ultra Baseball Jitsumeiban 3.uac	3179	ultra baseball jitsumei ban 3	high	curated-exact	17	"""Ultra Baseball Jitsumeiban 3"""	d0ff6a9ca5d3bfc35335a1e554a424e5d119845cdd985e65660a6168ce0f6f30	c638432f5e3b38e3fe2c3bb09f73a0a1c484b04daa88306c3a0784f3ac980265
Nintendo SNES/Ultra Baseball Jitsumeiban.uac	3177	ultra baseball jitsumei ban	high	curated-exact	24	"""Ultra Baseball Jitsumeiban"""	2bfbb758e78995b879d3275fa5da311dd348b50206634e085798fa5db3949331	cb025adcbfaaa62683f03603ac195f186c67aa33884655093953401fb63df782
Nintendo SNES/Untitled NFL Football Game.uac	1780	nfl football game	high	curated-exact	2	"""Untitled NFL Football Game"""	c1779076ac23d0f0d6425e0d377386db688bb6678120fa88c8ba59b5609aa204	7188608897f56dd1a1ad0ea24415432df9ba0b99e997fc4c78f46077ed6dbd64
Nintendo SNES/ushio to tora (JP).uac	3201	ushio to tora	high	token	20	"""Ushio and Tora"""	35a4b35ecc09c26fa1b2080d71e384954eb85dcb1b5fffe6f4c8a159e90ad905	b8f7c6d11bba724d8049fa4b0d3e2a654183ff8e1aa69d3283b1b4b89a81deb3
Nintendo SNES/Violinist of Hameln.uac	1010	hameln no violin hiki	high	token	45	"""Violinist of Hameln"""	3908841b277c93e9596e17a27b82fe1787dc365a4eb5d4a3cdd4d3114389cdde	84de0c5b4ea80b82e9ac5dba8a2e6808d3b468e144c7a19336f683ca2adf61b7
Nintendo SNES/Waialae Country Club.uac	3133	true golf classics waialae country club	high	curated-alias	15	"""Waialae Country Club"""	355d0fc9e0c1aed71e5950ad1ec5cde077f805907047782e7b893887f99c0b30	390041c433e372364381a202f5e47bbc871eb4da6626eea807c22d2dffbdc8a6
Nintendo SNES/wakuwaku ski wonder spur (JP).uac	3231	wakuwaku ski wonder spur	high	curated-exact	19	"""Waku Waku Ski Wonder Shoot"""	8134d5c4b6ca4973c6a3be8c6d53150d28e6ee15a2dc70d78edbdcd82f5fdb64	5d22519ffc051c5cc39dfd4dc60a62d571a82a931e41b315e1a35830667d3b0e
Nintendo SNES/Wally wo Sagase.uac	3232	wally o sagase ehon no kuni no daibouken	high	token	30	"""Wally wo Sagase"""	5f3093ee16864ebae76cd4701160a2726f827d5006ee1db3a6338790d9a3da21	0113cc3571c5c07bd3bdb56cc75c39e580a88f53c6e397a3a0145ce0ffcef2e9
Nintendo SNES/War 2410 (US).uac	3233	War 2410	high	root-title-exact	11	"""War 2410"""	41da87ed84e2e90d53f5edd76c19e5b18fcfd8df0111f28ab043fc6f203bad95	7d3abe7b66211a1f04c7cb0fa7bc57019d8f48f7d3ecdc74344db8e6b9933869
Nintendo SNES/waratte iitomo tamolympic (JP).uac	3235	waratte iitomo tamolympic	high	token	21	"""Waratte Iitomo! Tamorinpic"""	911332701ef16daa92b631f143acdcc7cf3b950e422af4fabe939058dec047b7	b8cf31497a51cd575f3197d667fc06db75d1a29008370c92dc769c6e2db986e6
Nintendo SNES/Wheel of Fortune - Deluxe Edition (US).uac	3258	Wheel of Fortune - Deluxe Edition	high	root-title-exact	13	"""Wheel of Fortune: Deluxe Edition"""	25d050bd18910a4691f651b2e6d0202ca46be9b465391d9c66eb4a55f2ed3103	9cd870ff9db67f8ca2dd8da7b891ce77fbb696930a6e37761db802851fd7b93f
Nintendo SNES/Wizard of Oz, The (US).uac	3292	Wizard of Oz, The	high	root-title-exact	15	"""Wizard of Oz"""	5436e6d9feb5be0974f69fc61afc40b3e9ff61f7cb2f6967e4bb1d1a8aee91cb	dad9b792624e839534cbc3fef6e5b11d427d540b2a3ceb7f186e78398efc6531
Nintendo SNES/Wordtris (US).uac	3312	Wordtris	high	root-title-exact	14	"""Wordtris"""	685fdacdbf90b90cbc755b0521bbd1d07fcada5cb09f6b2df9448dd4301b4e39	46f66ccf9d5f189872a0ad0f3c9af77fae404e7747fee33988c20efd630d3060
Nintendo SNES/World League Soccer (US).uac	3331	World League Soccer	high	root-title-exact	12	"""World League Soccer"""	1f14373e7dd33e18895b84d5de6f1e192d45274b44a270d581baab6df0a85326	893934822ec788c2a2e29782d83f3b6c7b61cbb5a43b1813a552ef2a3ea78440
Nintendo SNES/Worms (EU).uac	3336	Worms	high	root-title-exact	2	"""Worms"""	f3594619291d4263bc58f4aec0a9c4cae135bcb30f3fd17842bb59af613e2fc0	f0eebbadbc91a2fc93270ea86a8778b79c020da6c3719d84894de79b88738923
Nintendo SNES/X-Men vs. Street Fighter (Pirate).uac	3358	X-Men vs. Street Fighter	high	root-title-exact	2	"""X-Men vs. Street Fighter"""	64b191256d30faa1c30db5f378b6c0d33e121b9df0dc03da7a9cfc34dac5c5c9	88a21540b0083889266ea79b247963c3791998848b1293ab2c1318e325fb97ce
Nintendo SNES/Xak - The Art of Visual Stage.uac	3359	Xak - The Art of Visual Stage	high	root-title-exact	42	"""Xak"""	597a5f3240cad8ba05660fecb135ba0ea0cc24e449a7a80e64007fd1e622acc7	6de7bb44032c2a6405c9b19d8291257ea60cf05ed8e8d9ae4ecfe726f24fd04c
Nintendo SNES/Xardion (US).uac	3361	Xardion	high	root-title-exact	15	"""Xardion"""	f46040873b0c412937a60f4e7ce431cfe5082145c91e0f3f76b1ff7ec995cd79	9306e4e2c0b22ec1a91c698050fe8768d9c4e3b838f23661324b9dcf4c9c4b34
Nintendo SNES/Yamato Takeru.uac	1052	hi no ouji yamato takeru	high	token	47	"""Yamato Takeru"""	38ee7cb026dbe2e79de212696a9f97ec564f88572e86a63dcd4c5d550b684e16	fbd578d57076ddca8c6f128e5b20744403e74502025d736e07dd4e21d312c3ae
Nintendo SNES/Yogi Bear.uac	3369	Yogi Bear	high	root-title-exact	21	"""Yogi Bear"""	49bf1cbc10baf0a8ad936efe06543c044d387ecbed4aba259a92c7f406bf4308	fef1d1f3e7bb85d7ce9d47b9dbbc341184ca005f6a836ab9ac873ae3bb9fa3cb
Nintendo SNES/Yoshi no Kuruppon.uac	3377	yoshi no cookie kuruppon oven de cookie	high	curated-alias	7	"""Yoshi no Kuruppon"""	9aa6a88e311e52ef7ae22d2e78e5544eec10e2853c1216b7aafa53b060d65879	8dd27d8fd36ebb05d5b6979b1a61f035910b6d58f1be1e7dcd98fc352162e86b
Nintendo SNES/Yuu Yuu Hakusho.uac	3396	yu yu hakusho	high	curated-exact	31	"""Yuu Yuu Hakusho"""	821d3788b4c4931e0d2f9a0451502d4ef8ba445a077dc573753ff2e0f56c9740	28e1710b7541bd891fa60f55c0f3271e71fe2ef72c2edf5489ec10a7e1baa018
Nintendo SNES/Yuujin Janjuu Gakuen.uac	3400	Yuujin Janjuu Gakuen	high	root-title-exact	19	"""Yuujin Janjuu Gakuen"""	7596f2f562f46ed334f3fbd4e776bed9fbef468076423b298c39526c78c1b234	faa68b6907fbbc30eeb56c5d1afcdb4ffca55361f964f3a59a7ac98b2a5b2504
Nintendo SNES/Z-Gundam - Away to the Newtype.uac	1334	kidou senshi z gundam away to the newtype	high	curated-exact	24	"""Z-Gundam: Away to the Newtype"""	5d445fe5faf9e9cfc5efc4d6ed83875ca0c769e4ae19eb441702697aa2df84d3	a1fd9e646b653d1a3fcc7023e6cce108ae4ee1b81eb6cc60bae64e67c2755ea3
Nintendo SNES/Zan 2 Spirits.uac	3406	zan ii spirits	high	curated-exact	19	"""Zan 2 Spirits"""	67737331e1a6c33a239c183b4aff93851f0fc0bee1d74ee8087a13f21fde19c5	f7a63f6ecceed17879f5690ac53e952e9d94fa23814006ad0aeb6c2909507973
Nintendo SNES/Zan 3 Spirits.uac	3407	zan iii spirits	high	curated-exact	22	"""Zan 3 Spirits"""	9d5f3684f4c3d0e0ce2de1b0d08bb43358d6eccaa582a961597a855eaf02fb59	8db668156525af7bf53fdf655274a251cf0c4a2b9d0f29f7328a14a94c4b5c1b
Nintendo SNES/zen nihon gt senshuken hyper battle game (JP).uac	3412	zen nihon gt senshuken hyper battle game	high	curated-exact	10	"""Zen Nihon GT Sensyuken"""	f7f098df2c8a9760364dc703ba99ee0c15ca21562c9f414be6d091cf93a0203f	7e97b346941aeb006c92cf9be7fa8253b361d88966f9087fe36aab981bdb6076
Nintendo SNES/Zennihon Pro Wrestling 2 - 3.4 Budoukan.uac	3415	zen nihon pro wres 2 3 4 budoukan	high	curated-exact	23	"""Zennihon Pro Wrestling 2"""	a14f4de1c29646790c8f378a3f2f47119b1935b91001d9443c0a77b0a7b1e577	003cd4de98a0f907a337ee681f3d3dba07679d3c43f0df54f61ec54ef1c686b8
Nintendo SNES/Zennihon Pro Wrestling Dash - Sekai Saikyou Tag (Natsume Championship Wrestling).uac	3416	zen nihon pro wres sekai saikyou tag	high	curated-exact	21	"""Zennihon Pro Wrestling Dash"""	b47b1953824e1a2a05101a99170a21d9f35de991c69319b95793e25973def524	472714992f71080bcab41911a07b0888f0b49d4414a30ec765c798b850301377
Nintendo SNES/Zennihon Pro Wrestling.uac	3413	zen nihon pro wres	high	curated-exact	20	"""Zennihon Pro Wrestling"""	6294c0d757432dad93e7849bb29ea4db0f764ea47ed812549108acbc3e403b78	d2e89cab43af8e4d8c71f2680354a4d1bfd1bdd6ac237402bbac129d9964b621
Nintendo SNES/Zool.uac	3432	Zool	high	root-title-exact	11	"""Zool"""	703c5db31ed5c8ebef0b6557f1f4212fbedf5230b244bb4c1a35122a68b92e6c	ee6d44da82c6d00f8d07f11371667afafb0d16e364e223f2c28c9a1528eec84b
Nintendo Super Game Boy (in joshw)/Super Gameboy 2.uac	2686	super game boy 2	high	curated-exact	5	"""Super Gameboy 2"""	a5f12feed83bc5d62b9af3797dffb56f0bb9692fc9388544e29f3e6ee228de16	6b52db10e023d65d47eb046f097ccdd885d0d248ac19e43d0dbfc79b35383641
Nintendo Super Game Boy/A Bug's Life (Super Gameboy).uac	3752	bug s life a	high	curated-exact	7	"""A Bug's Life"""	3dac39f7d3bb8e1212b1cbe14446ef06f67b8c3afa187ef965c2dce4849c0598	cbf119513d2230715791893c1f050f9bbe09712a85998680f858aa856f9131df
Nintendo Super Game Boy/Hunchback of Notre Dame (Super Gameboy).uac	0547	hunchback of notre dame the 5 foolishly fun topsy turvy games	high	gb-prefix	10	"""Hunchback of Notre Dame"""	2f5d47ffec4b02002958e7baff84e7e76dd7c43f80ac6219f20a122a847f4b20	696f86d65a06a5fa2b2a9fddf0a4e81fe3a5842ff43243b4a51b51742ff4c487
Review/Mixed SPC Versions/Nintendo SNES/RPG Maker 2.uac	2197	rpg tsukuru 2	high	curated-exact	41	"""RPG Maker 2"""	2f41b55013bd10c2db4ea0a0ca5e522cfec80d74c6c800db9b98007671c052ce	8673cad38a3ecca7959eab5d8088b872a123bb426c81bc98649fd41259d493b2
